-- phpMyAdmin SQL Dump
-- version 5.2.1
-- https://www.phpmyadmin.net/
--
-- Host: 127.0.0.1
-- Generation Time: Jul 14, 2026 at 02:24 PM
-- Server version: 10.4.32-MariaDB
-- PHP Version: 8.2.12

SET SQL_MODE = "NO_AUTO_VALUE_ON_ZERO";
START TRANSACTION;
SET time_zone = "+00:00";
SET SESSION sql_require_primary_key = 0;


/*!40101 SET @OLD_CHARACTER_SET_CLIENT=@@CHARACTER_SET_CLIENT */;
/*!40101 SET @OLD_CHARACTER_SET_RESULTS=@@CHARACTER_SET_RESULTS */;
/*!40101 SET @OLD_COLLATION_CONNECTION=@@COLLATION_CONNECTION */;
/*!40101 SET NAMES utf8mb4 */;

--
-- Database: `quanlysukien3`
--

-- --------------------------------------------------------

--
-- Table structure for table `attendance`
--

CREATE TABLE `attendance` (
  `id` int(11) NOT NULL,
  `event_id` varchar(20) DEFAULT NULL,
  `student_id` varchar(20) DEFAULT NULL,
  `checkin_time` datetime DEFAULT NULL,
  `method` varchar(20) DEFAULT NULL,
  `status` enum('checked_in','absent','late') NOT NULL DEFAULT 'checked_in',
  `submitted_file` text DEFAULT NULL,
  `submitted_link` text DEFAULT NULL
) ENGINE=InnoDB DEFAULT CHARSET=utf8mb4 COLLATE=utf8mb4_general_ci;

--
-- Dumping data for table `attendance`
--

INSERT INTO `attendance` (`id`, `event_id`, `student_id`, `checkin_time`, `method`, `status`, `submitted_file`, `submitted_link`) VALUES
(49, 'EV-8540', '31', '2026-07-02 09:09:59', 'Upload_Minh_Chung', 'checked_in', NULL, NULL),
(50, 'EV-9330', '31', '2026-07-02 14:56:33', 'Upload_Minh_Chung', 'checked_in', NULL, NULL),
(51, 'EV-2862', 'HTTT2311033', '2026-07-03 23:50:05', 'Дҗб»Ӣnh vб»Ӣ GPS', 'checked_in', NULL, NULL),
(52, 'EV-8933', '54', '2026-07-03 23:55:58', 'Upload_Minh_Chung', 'checked_in', NULL, NULL),
(53, 'EV-9685', '54', '2026-07-04 00:01:15', 'Upload_Minh_Chung', 'checked_in', NULL, NULL),
(54, 'EV-2862', '54', '2026-07-04 07:28:59', 'Upload_Minh_Chung', 'checked_in', NULL, NULL),
(55, 'EV-8042', 'HTTT2311033', '2026-07-04 19:05:01', 'Дҗб»Ӣnh vб»Ӣ GPS', 'checked_in', NULL, NULL),
(56, 'EV-3401', 'HTTT2311033', '2026-07-04 19:08:54', 'Дҗб»Ӣnh vб»Ӣ GPS', 'checked_in', NULL, NULL),
(57, 'EV-6737', '54', '2026-07-04 19:11:08', 'Upload_Minh_Chung', 'checked_in', NULL, NULL),
(58, 'EV-4111', '54', '2026-07-04 19:16:44', 'Upload_Minh_Chung', 'checked_in', NULL, NULL),
(59, 'EV-4111', '54', '2026-07-04 19:16:59', 'Upload_Minh_Chung', 'checked_in', NULL, NULL),
(60, 'EV-3738', 'HTTT2311033', '2026-07-04 19:25:52', 'Дҗб»Ӣnh vб»Ӣ GPS', 'checked_in', NULL, NULL),
(61, 'EV-9455', '54', '2026-07-04 19:26:22', 'Upload_Minh_Chung', 'checked_in', NULL, NULL),
(62, 'EV-4746', '54', '2026-07-04 19:26:54', 'Upload_Minh_Chung', 'checked_in', NULL, NULL),
(63, 'EV-4746', '54', '2026-07-04 19:27:20', 'Upload_Minh_Chung', 'checked_in', NULL, NULL),
(64, 'EV-9723', '54', '2026-07-04 23:36:33', 'Upload_Minh_Chung', 'checked_in', NULL, NULL),
(65, 'EV-9723', '54', '2026-07-04 23:39:58', 'Upload_Minh_Chung', 'checked_in', NULL, NULL),
(66, 'EV-9723', '54', '2026-07-04 23:40:27', 'Upload_Minh_Chung', 'checked_in', NULL, NULL),
(67, 'EV-9723', '54', '2026-07-04 23:41:22', 'Upload_Minh_Chung', 'checked_in', NULL, NULL),
(68, 'EV-9723', '54', '2026-07-04 23:42:18', 'Upload_Minh_Chung', 'checked_in', NULL, NULL),
(69, 'EV-9723', '54', '2026-07-05 00:20:12', 'Upload_Minh_Chung', 'checked_in', NULL, NULL),
(70, 'EV-9723', '54', '2026-07-05 00:25:58', 'Upload_Minh_Chung', 'checked_in', NULL, NULL),
(71, 'EV-9723', '54', '2026-07-05 00:26:55', 'Upload_Minh_Chung', 'checked_in', NULL, NULL),
(72, 'EV-9723', '54', '2026-07-05 00:29:52', 'Upload_Minh_Chung', 'checked_in', NULL, NULL),
(73, 'EV-9723', '54', '2026-07-05 00:30:19', 'Upload_Minh_Chung', 'checked_in', NULL, NULL),
(74, 'EV-9880', 'HTTT2311033', '2026-07-05 11:51:50', 'Дҗб»Ӣnh vб»Ӣ GPS', 'checked_in', NULL, NULL),
(75, 'EV-8563', '54', '2026-07-05 11:53:16', 'Upload_Minh_Chung', 'checked_in', NULL, NULL),
(76, 'EV-9712', '54', '2026-07-05 12:05:15', 'Upload_Minh_Chung', 'checked_in', NULL, NULL),
(77, 'EV-9712', '54', '2026-07-05 12:06:52', 'Upload_Minh_Chung', 'checked_in', NULL, NULL),
(78, 'EV-9712', '54', '2026-07-05 12:08:05', 'Upload_Minh_Chung', 'checked_in', NULL, NULL),
(79, 'EV-9712', '54', '2026-07-05 12:08:51', 'Upload_Minh_Chung', 'checked_in', NULL, NULL),
(80, 'EV-9712', '54', '2026-07-05 12:10:28', 'Upload_Minh_Chung', 'checked_in', NULL, NULL),
(81, 'EV-9712', '54', '2026-07-05 12:13:18', 'Upload_Minh_Chung', 'checked_in', NULL, NULL),
(82, 'EV-2670', '54', '2026-07-05 12:19:19', 'Upload_Minh_Chung', 'checked_in', NULL, NULL),
(83, 'EV-2670', '54', '2026-07-05 12:19:44', 'Upload_Minh_Chung', 'checked_in', NULL, NULL),
(84, 'EV-2670', '54', '2026-07-05 12:19:59', 'Upload_Minh_Chung', 'checked_in', NULL, NULL),
(85, 'EV-2670', '54', '2026-07-05 12:20:37', 'Upload_Minh_Chung', 'checked_in', NULL, NULL),
(86, 'EV-2670', '54', '2026-07-05 12:35:02', 'Upload_Minh_Chung', 'checked_in', NULL, NULL),
(87, 'EV-2670', '54', '2026-07-05 12:53:15', 'Upload_Minh_Chung', 'checked_in', NULL, NULL),
(88, 'EV-2670', '54', '2026-07-05 12:54:58', 'Upload_Minh_Chung', 'checked_in', NULL, NULL),
(89, 'EV-2670', '54', '2026-07-05 13:01:14', 'Upload_Minh_Chung', 'checked_in', NULL, NULL),
(90, 'EV-9712', '54', '2026-07-05 19:30:39', 'Upload_Minh_Chung', 'checked_in', NULL, NULL),
(91, 'EV-4266', 'HTTT2311033', '2026-07-05 20:31:24', 'Дҗб»Ӣnh vб»Ӣ GPS', 'checked_in', NULL, NULL),
(92, 'EV-2384', 'HTTT2311033', '2026-07-05 20:32:15', 'Дҗб»Ӣnh vб»Ӣ GPS', 'checked_in', NULL, NULL),
(93, 'EV-4266', 'HTTT2311052', '2026-07-05 20:33:46', 'Дҗб»Ӣnh vб»Ӣ GPS', 'checked_in', NULL, NULL),
(94, 'EV-4695', 'HTTT2311052', '2026-07-06 09:00:34', 'Дҗб»Ӣnh vб»Ӣ GPS', 'checked_in', NULL, NULL),
(95, 'EV-3827', 'HTTT2311052', '2026-07-06 09:10:10', 'Дҗб»Ӣnh vб»Ӣ GPS', 'checked_in', NULL, NULL),
(96, 'EV-3657', 'HTTT2311052', '2026-07-06 09:21:32', 'Дҗб»Ӣnh vб»Ӣ GPS', 'checked_in', NULL, NULL),
(97, 'EV-9200', 'HTTT2311052', '2026-07-06 09:33:12', 'Дҗб»Ӣnh vб»Ӣ GPS', 'checked_in', NULL, NULL),
(98, 'EV-9111', 'HTTT2311052', '2026-07-06 09:51:39', 'Дҗб»Ӣnh vб»Ӣ GPS', 'checked_in', NULL, NULL),
(99, 'EV-9043', 'HTTT2311052', '2026-07-06 10:02:00', 'QuГ©t mГЈ QR', 'checked_in', NULL, NULL),
(100, 'EV-6927', 'HTTT2311052', '2026-07-06 10:51:12', 'Дҗб»Ӣnh vб»Ӣ GPS', 'checked_in', NULL, NULL),
(101, 'EV-1789', 'HTTT2311052', '2026-07-06 10:53:24', 'Дҗб»Ӣnh vб»Ӣ GPS', 'checked_in', NULL, NULL),
(102, 'EV-1822', 'HTTT2311052', '2026-07-06 11:00:53', 'Дҗб»Ӣnh vб»Ӣ GPS', 'checked_in', NULL, NULL),
(103, 'EV-4436', 'HTTT2311052', '2026-07-06 11:12:36', 'Дҗб»Ӣnh vб»Ӣ GPS', 'checked_in', NULL, NULL),
(104, 'EV-3685', 'HTTT2311052', '2026-07-06 11:29:23', 'Дҗб»Ӣnh vб»Ӣ GPS', 'checked_in', NULL, NULL),
(105, 'EV-3067', 'HTTT2311052', '2026-07-06 11:34:39', 'Дҗб»Ӣnh vб»Ӣ GPS', 'checked_in', NULL, NULL),
(106, 'EV-7387', 'HTTT2311052', '2026-07-06 11:37:25', 'Дҗб»Ӣnh vб»Ӣ GPS', 'checked_in', NULL, NULL),
(107, 'EV-7085', 'HTTT2311052', '2026-07-06 11:47:42', 'Дҗб»Ӣnh vб»Ӣ GPS', 'checked_in', NULL, NULL),
(108, 'EV-7968', 'HTTT2311052', '2026-07-06 11:52:09', 'Дҗб»Ӣnh vб»Ӣ GPS', 'checked_in', NULL, NULL),
(109, 'EV-1115', 'HTTT2311052', '2026-07-06 12:04:07', 'Дҗб»Ӣnh vб»Ӣ GPS', 'checked_in', NULL, NULL),
(116, 'EV-3126', 'HTTT2311052', '2026-07-06 14:34:01', 'Upload_Minh_Chung', 'checked_in', NULL, NULL),
(117, 'EV-2221', 'HTTT2311052', '2026-07-06 14:58:45', 'Upload_Minh_Chung', 'checked_in', NULL, NULL),
(118, 'EV-8438', 'HTTT2311052', '2026-07-07 08:09:44', 'Дҗб»Ӣnh vб»Ӣ GPS', 'checked_in', NULL, NULL),
(119, 'EV-8613', 'HTTT2311052', '2026-07-07 08:18:38', 'Дҗб»Ӣnh vб»Ӣ GPS', 'checked_in', NULL, NULL),
(120, 'EV-2855', 'HTTT2311052', '2026-07-07 09:11:01', 'Upload_Minh_Chung', 'checked_in', NULL, NULL),
(121, 'EV-3969', 'HTTT2311052', '2026-07-10 15:03:56', 'Дҗб»Ӣnh vб»Ӣ GPS', 'checked_in', NULL, NULL),
(122, 'EV-8044', 'HTTT2311052', '2026-07-10 15:05:35', 'Дҗб»Ӣnh vб»Ӣ GPS', 'checked_in', NULL, NULL),
(123, 'EV-3140', 'HTTT2311052', '2026-07-10 15:08:18', 'Дҗб»Ӣnh vб»Ӣ GPS', 'checked_in', NULL, NULL),
(124, 'EV-4264', 'HTTT2311052', '2026-07-10 15:17:07', 'Дҗб»Ӣnh vб»Ӣ GPS', 'checked_in', NULL, NULL),
(125, 'EV-3985', 'HTTT2311052', '2026-07-10 15:22:15', 'Upload_Minh_Chung', 'checked_in', NULL, NULL),
(126, 'EV-2508', 'HTTT2311052', '2026-07-10 15:37:01', 'Дҗб»Ӣnh vб»Ӣ GPS', 'checked_in', NULL, NULL),
(127, 'EV-2370', 'HTTT2311052', '2026-07-10 15:39:18', 'Upload_Minh_Chung', 'checked_in', NULL, NULL),
(128, 'EV-7170', 'HTTT2311052', '2026-07-12 14:26:24', 'Nб»ҷp BГ i / Minh Chб»©ng', 'checked_in', '/uploads/1783841184554-476134600.pdf', NULL),
(129, 'EV-1933', 'HTTT2311052', '2026-07-12 14:31:23', 'Дҗб»Ӣnh vб»Ӣ GPS', 'checked_in', NULL, NULL),
(130, 'EV-1933', 'HTTT2311051', '2026-07-12 15:09:30', 'Дҗб»Ӣnh vб»Ӣ GPS', 'checked_in', NULL, NULL),
(131, 'EV-9808', 'HTTT2311052', '2026-07-13 21:52:48', 'Дҗб»Ӣnh vб»Ӣ GPS', 'checked_in', NULL, NULL),
(132, 'EV-9808', 'HTTT2311051', '2026-07-13 21:59:10', 'Дҗб»Ӣnh vб»Ӣ GPS', 'checked_in', NULL, NULL),
(133, 'EV-9808', 'HTTT2311021', '2026-07-13 22:00:41', 'Дҗб»Ӣnh vб»Ӣ GPS', 'checked_in', NULL, NULL),
(134, 'EV-9808', 'HTTT2311009', '2026-07-13 22:07:55', 'Дҗб»Ӣnh vб»Ӣ GPS', 'checked_in', NULL, NULL),
(135, 'EV-9808', 'HTTT2311011', '2026-07-13 22:09:25', 'Дҗб»Ӣnh vб»Ӣ GPS', 'checked_in', NULL, NULL),
(136, 'EV-9808', 'HTTT2311032', '2026-07-13 22:12:16', 'Дҗб»Ӣnh vб»Ӣ GPS', 'checked_in', NULL, NULL),
(137, 'EV-9808', 'HTTT2311024', '2026-07-13 22:21:30', 'Дҗб»Ӣnh vб»Ӣ GPS', 'checked_in', NULL, NULL),
(138, 'EV-8258', 'HTTT2311010', '2026-07-14 19:19:11', 'Nб»ҷp BГ i / Minh Chб»©ng', 'checked_in', NULL, NULL),
(139, 'EV-8258', 'HTTT2311011', '2026-07-14 19:17:58', 'Nб»ҷp BГ i / Minh Chб»©ng', 'checked_in', NULL, NULL);

-- --------------------------------------------------------

--
-- Table structure for table `criteria`
--

CREATE TABLE `criteria` (
  `id` int(11) NOT NULL,
  `title` varchar(100) NOT NULL,
  `max_points` int(11) NOT NULL,
  `icon_name` varchar(50) DEFAULT 'star',
  `created_at` timestamp NOT NULL DEFAULT current_timestamp()
) ENGINE=InnoDB DEFAULT CHARSET=utf8mb4 COLLATE=utf8mb4_general_ci;

--
-- Dumping data for table `criteria`
--

INSERT INTO `criteria` (`id`, `title`, `max_points`, `icon_name`, `created_at`) VALUES
(1, 'Tham gia hб»Қc tбәӯp', 20, 'menu_book', '2026-06-05 08:33:33'),
(2, 'ChбәҘp hГ nh nб»ҷi quy', 25, 'volunteer_activism', '2026-06-05 08:33:33'),
(3, 'HoбәЎt Д‘б»ҷng xГЈ hб»ҷi', 20, 'nature_people', '2026-06-05 08:33:33'),
(4, 'Quan hб»Ү cб»ҷng Д‘б»“ng', 25, 'psychology_outlined', '2026-06-05 08:33:33'),
(5, 'KhГЎc', 10, 'extension', '2026-06-05 08:33:33');

-- --------------------------------------------------------

--
-- Table structure for table `criteria_categories`
--

CREATE TABLE `criteria_categories` (
  `id` varchar(50) NOT NULL,
  `name` text NOT NULL,
  `max_points` int(11) NOT NULL DEFAULT 0,
  `created_at` timestamp NOT NULL DEFAULT current_timestamp(),
  `updated_at` timestamp NOT NULL DEFAULT current_timestamp() ON UPDATE current_timestamp()
) ENGINE=InnoDB DEFAULT CHARSET=utf8mb4 COLLATE=utf8mb4_unicode_ci;

--
-- Dumping data for table `criteria_categories`
--

INSERT INTO `criteria_categories` (`id`, `name`, `max_points`, `created_at`, `updated_at`) VALUES
('I', 'I. ДҗГЎnh giГЎ vб»Ғ ГҪ thб»©c tham gia hб»Қc tбәӯp', 20, '2026-06-28 01:19:02', '2026-06-28 01:19:02'),
('II', 'II. ДҗГЎnh giГЎ vб»Ғ ГҪ thб»©c chбәҘp hГ nh hГ nh chГӯnh, nб»ҷi quy, quy chбәҝ', 25, '2026-06-28 01:19:02', '2026-06-28 01:19:02'),
('III', 'III. ДҗГЎnh giГЎ vб»Ғ ГҪ thб»©c tham gia cГЎc hoбәЎt Д‘б»ҷng chГӯnh trб»Ӣ, xГЈ hб»ҷi, vДғn hГіa, vДғn nghб»Ү, thб»ғ thao, phГІng chб»‘ng tб»Ү nбәЎn xГЈ hб»ҷi', 20, '2026-06-28 01:19:02', '2026-06-28 01:19:02'),
('IV', 'IV. ДҗГЎnh giГЎ vб»Ғ ГҪ thб»©c cГҙng dГўn trong quan hб»Ү cб»ҷng Д‘б»“ng', 25, '2026-06-28 01:19:02', '2026-06-28 01:19:02'),
('V', 'V. Гқ thб»©c vГ  kбәҝt quбәЈ tham gia cГҙng tГЎc cГЎn bб»ҷ lб»ӣp, Д‘oГ n thб»ғ hoбә·c thГ nh tГӯch Д‘бә·c biб»Үt', 10, '2026-06-28 01:19:02', '2026-06-28 01:19:02');

-- --------------------------------------------------------

--
-- Table structure for table `criteria_sub_categories`
--

CREATE TABLE `criteria_sub_categories` (
  `id` varchar(50) NOT NULL,
  `parent_id` varchar(50) NOT NULL,
  `name` text NOT NULL,
  `points` int(11) NOT NULL DEFAULT 0,
  `unit` varchar(50) DEFAULT 'lбә§n',
  `created_at` timestamp NOT NULL DEFAULT current_timestamp(),
  `updated_at` timestamp NOT NULL DEFAULT current_timestamp() ON UPDATE current_timestamp()
) ENGINE=InnoDB DEFAULT CHARSET=utf8mb4 COLLATE=utf8mb4_unicode_ci;

--
-- Dumping data for table `criteria_sub_categories`
--

INSERT INTO `criteria_sub_categories` (`id`, `parent_id`, `name`, `points`, `unit`, `created_at`, `updated_at`) VALUES
('I_1', 'I', 'Sinh viГӘn cГі Д‘iб»ғm trung bГ¬nh hб»Қc tбәӯp tГӯch lЕ©y vб»ӣi thang Д‘iб»ғm 4', 5, 'hб»Қc kб»і', '2026-06-28 01:19:02', '2026-06-28 01:19:02'),
('I_2', 'I', 'CГі giбәҘy chб»©ng nhбәӯn tham gia hб»Қc cГЎc lб»ӣp chuyГӘn Д‘б»Ғ kб»№ nДғng hб»Қc tбәӯp', 3, 'hб»Қc kб»і', '2026-06-28 01:19:02', '2026-06-28 01:19:02'),
('I_3', 'I', 'Tham gia Hб»ҷi thбәЈo hoбә·c Tб»Қa Д‘Г m do Khoa hoбә·c TrЖ°б»қng tб»• chб»©c', 3, 'lбә§n', '2026-06-28 01:19:02', '2026-06-28 01:19:02'),
('I_4', 'I', 'Tham gia cГЎc cuб»ҷc thi hб»Қc thuбәӯt cбәҘp Khoa hoбә·c TrЖ°б»қng tб»• chб»©c', 7, 'lбә§n', '2026-06-28 01:19:02', '2026-06-28 01:19:02'),
('I_5', 'I', 'CГЎc cuб»ҷc thi hб»Қc thuбәӯt do cГЎc Д‘ЖЎn vб»Ӣ bГӘn ngoГ i trЖ°б»қng tб»• chб»©c', 8, 'lбә§n', '2026-06-28 01:19:02', '2026-06-28 01:19:02'),
('II_1', 'II', 'ДҗДғng kГҪ hб»Қc tбәӯp theo Д‘Гәng quy Д‘б»Ӣnh cб»§a NhГ  trЖ°б»қng', 5, 'hб»Қc kб»і', '2026-06-28 01:19:02', '2026-06-28 01:19:02'),
('II_2', 'II', 'ChбәҘp hГ nh nghiГӘm tГәc cГЎc vДғn bбәЈn chб»ү Д‘бәЎo cб»§a TrЖ°б»қng vГ  cЖЎ quan chб»©c nДғng', 5, 'hб»Қc kб»і', '2026-06-28 01:19:02', '2026-06-28 01:19:02'),
('II_3', 'II', 'Thб»ұc hiб»Үn tб»‘t viб»Үc Д‘Гіng hб»Қc phГӯ vГ  cГЎc khoбәЈn lб»Ү phГӯ Д‘Гәng thб»қi hбәЎn', 5, 'hб»Қc kб»і', '2026-06-28 01:19:02', '2026-06-28 01:19:02'),
('III_1', 'III', 'Tham gia Д‘бә§y Д‘б»§ cГЎc buб»•i sinh hoбәЎt chГӯnh trб»Ӣ Д‘бә§u khГіa, giб»Ҝa khГіa vГ  cuб»‘i khГіa', 10, 'Д‘б»Јt', '2026-06-28 01:19:02', '2026-06-28 01:19:02'),
('III_2', 'III', 'Tham gia cГЎc hoбәЎt Д‘б»ҷng vДғn hГіa, vДғn nghб»Ү, thб»ғ thao cбәҘp Khoa hoбә·c TrЖ°б»қng', 5, 'lбә§n', '2026-06-28 01:19:02', '2026-06-28 01:19:02'),
('III_3', 'III', 'Tham gia cГЎc hoбәЎt Д‘б»ҷng ngГ y chб»§ nhбәӯt xanh, vб»Ү sinh mГҙi trЖ°б»қng', 3, 'lбә§n', '2026-06-28 01:19:02', '2026-06-28 01:19:02'),
('IV_1', 'IV', 'Tham gia tГӯch cб»ұc cГЎc hoбәЎt Д‘б»ҷng tГ¬nh nguyб»Үn: MГ№a hГЁ xanh, Tiбәҝp sб»©c mГ№a thi', 10, 'Д‘б»Јt', '2026-06-28 01:19:02', '2026-06-28 01:19:02'),
('IV_2', 'IV', 'Tham gia hiбәҝn mГЎu nhГўn Д‘бәЎo hoбә·c cГЎc hoбәЎt Д‘б»ҷng hб»— trб»Ј cб»ҷng Д‘б»“ng', 5, 'lбә§n', '2026-06-28 01:19:02', '2026-06-28 01:19:02'),
('IV_3', 'IV', 'TuyГӘn truyб»Ғn, phб»• biбәҝn phГЎp luбәӯt, phГІng chб»‘ng tб»Ү nбәЎn xГЈ hб»ҷi', 5, 'lбә§n', '2026-06-28 01:19:02', '2026-06-28 01:19:02'),
('V_1', 'V', 'HoГ n thГ nh tб»‘t nhiб»Үm vб»Ҙ Ban cГЎn bб»ҷ Lб»ӣp, Chi Д‘oГ n, Ban chбәҘp hГ nh ДҗoГ n - Hб»ҷi', 5, 'hб»Қc kб»і', '2026-06-28 01:19:02', '2026-06-28 01:19:02'),
('V_2', 'V', 'Sinh viГӘn Д‘бәЎt giбәЈi thЖ°б»ҹng NCKH hoбә·c cГЎc cuб»ҷc thi hб»Қc thuбәӯt lб»ӣn', 7, 'lбә§n', '2026-06-28 01:19:02', '2026-06-28 01:19:02'),
('V_3', 'V', 'ДҗбәЎt danh hiб»Үu Sinh viГӘn 5 tб»‘t, ДҗoГ n viГӘn tiГӘu biб»ғu xuбәҘt sбәҜc cГЎc cбәҘp', 6, 'lбә§n', '2026-06-28 01:19:02', '2026-06-28 01:19:02');

-- --------------------------------------------------------

--
-- Table structure for table `events`
--

CREATE TABLE `events` (
  `id` varchar(20) NOT NULL,
  `name` varchar(255) NOT NULL,
  `date` datetime NOT NULL,
  `end_date` datetime DEFAULT NULL,
  `description` text DEFAULT NULL,
  `category` varchar(100) NOT NULL DEFAULT '',
  `poster_url` varchar(500) DEFAULT NULL,
  `attached_file` text DEFAULT NULL,
  `status` enum('SбәҜp diб»…n ra','Дҗang diб»…n ra','ДҗГЈ kбәҝt thГәc','Ngб»«ng hoбәЎt Д‘б»ҷng') DEFAULT 'SбәҜp diб»…n ra',
  `require_gps` tinyint(1) DEFAULT 0,
  `require_proof` tinyint(1) DEFAULT 1,
  `faculty_limits` text DEFAULT NULL,
  `points` int(11) NOT NULL DEFAULT 0,
  `latitude` decimal(10,8) DEFAULT NULL,
  `longitude` decimal(11,8) DEFAULT NULL,
  `required_fields` text DEFAULT NULL,
  `created_at` timestamp NOT NULL DEFAULT current_timestamp(),
  `location_preset_id` int(11) DEFAULT NULL,
  `allowed_radius` int(11) NOT NULL DEFAULT 50 COMMENT 'BГЎn kГӯnh hб»Јp lб»Ү (mГ©t)',
  `max_participants` int(11) DEFAULT 0,
  `score_type` varchar(50) DEFAULT 'once',
  `sample_proof_url` varchar(255) DEFAULT NULL,
  `require_file` tinyint(1) DEFAULT 0
) ENGINE=InnoDB DEFAULT CHARSET=utf8mb4 COLLATE=utf8mb4_general_ci;

--
-- Dumping data for table `events`
--

INSERT INTO `events` (`id`, `name`, `date`, `end_date`, `description`, `category`, `poster_url`, `attached_file`, `status`, `require_gps`, `require_proof`, `faculty_limits`, `points`, `latitude`, `longitude`, `required_fields`, `created_at`, `location_preset_id`, `allowed_radius`, `max_participants`, `score_type`, `sample_proof_url`, `require_file`) VALUES
('EV-1044', 'tГ©t21', '2026-07-06 12:28:00', '2026-07-07 12:28:00', '', 'V_3', '', '', 'ДҗГЈ kбәҝt thГәc', 1, 0, '{\"ANMT\":\"\",\"CNTT\":\"10\",\"HTTT\":\"10\",\"KHMT\":\"\",\"KTPM\":\"\",\"TTNT\":\"\"}', 2, 10.02106400, 105.73338900, '[\"mssv\",\"name\",\"phone\",\"chi_doan\",\"checkin_time\",\"method\"]', '2026-07-06 05:28:41', 9, 50, 20, 'once', '', 0),
('EV-1115', 'tГ©t17', '2026-07-06 12:02:00', '2026-07-07 12:02:00', '', 'IV_2', '', '', 'ДҗГЈ kбәҝt thГәc', 1, 1, '{\"ANMT\":\"\",\"CNTT\":\"10\",\"HTTT\":\"10\",\"KHMT\":\"\",\"KTPM\":\"\",\"TTNT\":\"\"}', 1, 10.02106400, 105.73338900, '[\"mssv\",\"name\",\"phone\",\"chi_doan\",\"checkin_time\",\"method\"]', '2026-07-06 05:02:55', 9, 50, 20, 'once', '', 0),
('EV-1453', 'con mбә№ nГі chб»©Д‘aГЁadssadd', '2026-06-29 08:46:00', '2026-06-30 08:46:00', 'dбәҘdsadasdasd', 'I_1', '', '', 'ДҗГЈ kбәҝt thГәc', 0, 0, NULL, 0, NULL, NULL, '[\"mssv\",\"name\",\"phone\",\"chi_doan\",\"checkin_time\",\"method\"]', '2026-07-01 01:46:59', NULL, 50, 10, 'once', NULL, 0),
('EV-1505', 'adcxasd', '2026-07-01 15:11:00', '2026-07-07 15:11:00', '', 'I_2', '', '', 'ДҗГЈ kбәҝt thГәc', 0, 1, '{\"ANMT\":\"\",\"CNTT\":\"\",\"HTTT\":\"\",\"KHMT\":\"\",\"KTPM\":\"\",\"TTNT\":\"\"}', 10, NULL, NULL, '[\"mssv\",\"name\",\"phone\",\"chi_doan\",\"checkin_time\",\"method\"]', '2026-07-01 08:11:40', NULL, 50, 10, 'once', NULL, 0),
('EV-1593', 'trsatyud', '2026-06-14 00:19:00', '2026-06-23 22:03:00', '', 'III_1', '', '', 'ДҗГЈ kбәҝt thГәc', 0, 1, NULL, 0, NULL, NULL, '[\"mssv\",\"name\",\"phone\",\"chi_doan\"]', '2026-06-09 15:03:48', NULL, 50, 0, 'once', NULL, 0),
('EV-1718', 'teest111', '2026-06-15 09:32:00', '2026-06-30 20:33:00', 'dбәҘdasd', 'I_2', '', '', 'ДҗГЈ kбәҝt thГәc', 0, 1, NULL, 0, NULL, NULL, '[\"mssv\",\"name\",\"phone\",\"chi_doan\",\"checkin_time\",\"method\"]', '2026-06-09 13:33:28', NULL, 50, 0, 'once', NULL, 0),
('EV-1789', 'tГ©t8', '2026-07-06 10:52:00', '2026-07-07 10:52:00', '', 'V_3', '', '', 'ДҗГЈ kбәҝt thГәc', 1, 0, '{\"ANMT\":\"\",\"CNTT\":\"10\",\"HTTT\":\"10\",\"KHMT\":\"\",\"KTPM\":\"\",\"TTNT\":\"\"}', 5, 10.02106400, 105.73338900, '[\"mssv\",\"name\",\"phone\",\"chi_doan\",\"checkin_time\",\"method\"]', '2026-07-06 03:52:42', 9, 50, 20, 'once', '', 0),
('EV-1822', 'tГ©t9', '2026-07-06 10:59:00', '2026-07-07 10:59:00', '', 'V_3', '', '', 'ДҗГЈ kбәҝt thГәc', 1, 0, '{\"ANMT\":\"\",\"CNTT\":\"10\",\"HTTT\":\"10\",\"KHMT\":\"\",\"KTPM\":\"\",\"TTNT\":\"\"}', 5, 10.02106400, 105.73338900, '[\"mssv\",\"name\",\"phone\",\"chi_doan\",\"checkin_time\",\"method\"]', '2026-07-06 03:59:44', 9, 50, 20, 'once', '', 0),
('EV-1933', 'kiki', '2026-07-12 15:04:00', '2026-07-16 14:27:00', 'adasdadad', 'II_2', '/uploads/1783841362853-98995319.jpg', '[\"/uploads/1783841382883-628987772.pdf\"]', 'Дҗang diб»…n ra', 1, 0, '{\"ANMT\":\"\",\"CNTT\":\"\",\"HTTT\":\"\",\"KHMT\":\"\",\"KTPM\":\"\",\"TTNT\":\"\"}', 3, 10.02106400, 105.73338900, '[\"mssv\",\"name\",\"phone\",\"chi_doan\",\"checkin_time\",\"method\"]', '2026-07-12 07:29:22', 9, 50, 0, 'once', '', 0),
('EV-2221', 'ДҗOГҖN KHOA CГ”NG NGHб»Ҷ THГ”NG TIN', '2026-07-06 14:58:00', '2026-07-07 14:58:00', '', 'IV_2', '', '', 'ДҗГЈ kбәҝt thГәc', 0, 1, '{\"ANMT\":\"\",\"CNTT\":\"\",\"HTTT\":\"\",\"KHMT\":\"\",\"KTPM\":\"\",\"TTNT\":\"\"}', 2, NULL, NULL, '[\"mssv\",\"name\",\"phone\",\"chi_doan\",\"checkin_time\",\"method\"]', '2026-07-06 07:58:08', NULL, 50, 0, 'once', '/uploads/1783325376886-790936658.png', 0),
('EV-2370', '123', '2026-07-09 15:38:00', '2026-07-18 15:38:00', '', 'II_1', '', '', 'Дҗang diб»…n ra', 0, 1, '{\"ANMT\":\"\",\"CNTT\":\"\",\"HTTT\":\"\",\"KHMT\":\"\",\"KTPM\":\"\",\"TTNT\":\"\"}', 5, NULL, NULL, '[\"mssv\",\"name\",\"phone\",\"chi_doan\",\"checkin_time\",\"method\"]', '2026-07-10 08:38:25', NULL, 50, 0, 'once', '', 0),
('EV-2384', 'th11', '2026-07-05 20:32:00', '2026-07-06 20:30:00', '', 'III_1', '', '', 'ДҗГЈ kбәҝt thГәc', 1, 0, '{\"ANMT\":\"\",\"CNTT\":\"\",\"HTTT\":\"\",\"KHMT\":\"\",\"KTPM\":\"\",\"TTNT\":\"\"}', 1, 10.82200000, 106.62570000, '[\"mssv\",\"name\",\"phone\",\"chi_doan\",\"checkin_time\",\"method\"]', '2026-07-05 13:30:35', 7, 50, 0, 'once', '', 0),
('EV-2508', 'lo', '2026-07-09 15:35:00', '2026-07-12 15:35:00', '', 'I_2', '', '', 'ДҗГЈ kбәҝt thГәc', 1, 0, '{\"ANMT\":\"\",\"CNTT\":\"\",\"HTTT\":\"\",\"KHMT\":\"\",\"KTPM\":\"\",\"TTNT\":\"\"}', 0, 10.04733600, 105.76733600, '[\"mssv\",\"name\",\"phone\",\"chi_doan\",\"checkin_time\",\"method\"]', '2026-07-10 08:36:05', 10, 50, 0, 'once', '', 0),
('EV-2549', 'tГ©t22', '2026-07-06 13:47:00', '2026-07-07 13:47:00', '', 'IV_3', '', '', 'ДҗГЈ kбәҝt thГәc', 0, 1, '{\"ANMT\":\"\",\"CNTT\":\"10\",\"HTTT\":\"10\",\"KHMT\":\"\",\"KTPM\":\"\",\"TTNT\":\"\"}', 5, NULL, NULL, '[\"mssv\",\"name\",\"phone\",\"chi_doan\",\"checkin_time\",\"method\"]', '2026-07-06 06:47:59', NULL, 50, 20, 'once', '', 0),
('EV-2587', 'hoithao', '2026-07-03 20:10:00', '2026-07-04 19:59:00', '', 'III_1', '/uploads/1783083678848-542686904.jpg', '', 'Ngб»«ng hoбәЎt Д‘б»ҷng', 0, 0, '{\"ANMT\":\"\",\"CNTT\":\"\",\"HTTT\":\"\",\"KHMT\":\"\",\"KTPM\":\"\",\"TTNT\":\"\"}', 5, NULL, NULL, '[\"mssv\",\"name\",\"phone\",\"chi_doan\",\"checkin_time\",\"method\"]', '2026-07-03 13:01:18', NULL, 50, 0, 'once', NULL, 0),
('EV-2670', 'chungchiielts', '2026-07-05 12:18:00', '2026-07-06 12:16:00', '', 'I_2', '', '', 'ДҗГЈ kбәҝt thГәc', 0, 1, '{\"ANMT\":\"\",\"CNTT\":\"\",\"HTTT\":\"\",\"KHMT\":\"\",\"KTPM\":\"\",\"TTNT\":\"\"}', 1, NULL, NULL, '[\"mssv\",\"name\",\"phone\",\"chi_doan\",\"checkin_time\",\"method\"]', '2026-07-05 05:16:47', NULL, 50, 0, 'multiple', '/uploads/1783228607727-101881991.jpg', 0),
('EV-2855', '2', '2026-07-07 09:10:00', '2026-07-08 09:10:00', '', 'III_1', '', '', 'ДҗГЈ kбәҝt thГәc', 0, 1, '{\"ANMT\":\"\",\"CNTT\":\"\",\"HTTT\":\"\",\"KHMT\":\"\",\"KTPM\":\"\",\"TTNT\":\"\"}', 0, NULL, NULL, '[\"mssv\",\"name\",\"phone\",\"chi_doan\",\"checkin_time\",\"method\"]', '2026-07-07 02:10:33', NULL, 50, 0, 'once', '', 0),
('EV-2862', 'truonghop1', '2026-07-03 23:48:00', '2026-07-04 23:42:00', '', 'III_1', '/uploads/1783096950951-852691233.jpg', '', 'Ngб»«ng hoбәЎt Д‘б»ҷng', 1, 0, '{\"ANMT\":\"\",\"CNTT\":\"\",\"HTTT\":\"\",\"KHMT\":\"\",\"KTPM\":\"\",\"TTNT\":\"\"}', 5, 10.82200000, 106.62570000, '[\"mssv\",\"name\",\"phone\",\"chi_doan\",\"checkin_time\",\"method\"]', '2026-07-03 16:42:30', 7, 50, 0, 'once', NULL, 0),
('EV-3067', 'tГ©t12', '2026-07-06 11:33:00', '2026-07-07 11:34:00', '', 'V_3', '', '', 'ДҗГЈ kбәҝt thГәc', 1, 0, '{\"ANMT\":\"\",\"CNTT\":\"10\",\"HTTT\":\"10\",\"KHMT\":\"\",\"KTPM\":\"\",\"TTNT\":\"\"}', 5, 10.02106400, 105.73338900, '[\"mssv\",\"name\",\"phone\",\"chi_doan\",\"checkin_time\",\"method\"]', '2026-07-06 04:34:04', 9, 50, 20, 'once', '', 0),
('EV-3126', 'HIбәҫN MГҒU TГҢNH NGUYб»ҶN', '2026-07-06 14:33:00', '2026-07-07 14:33:00', '', 'IV_2', '', '', 'ДҗГЈ kбәҝt thГәc', 0, 1, '{\"ANMT\":\"\",\"CNTT\":\"\",\"HTTT\":\"\",\"KHMT\":\"\",\"KTPM\":\"\",\"TTNT\":\"\"}', 8, NULL, NULL, '[\"mssv\",\"name\",\"phone\",\"chi_doan\",\"checkin_time\",\"method\"]', '2026-07-06 07:33:22', NULL, 50, 0, 'once', '', 0),
('EV-3140', 'sdaad', '2026-07-09 15:07:00', '2026-07-12 15:07:00', '', 'I_3', '', '', 'ДҗГЈ kбәҝt thГәc', 1, 0, '{\"ANMT\":\"\",\"CNTT\":\"\",\"HTTT\":\"\",\"KHMT\":\"\",\"KTPM\":\"\",\"TTNT\":\"\"}', 0, 10.82200000, 106.62570000, '[\"mssv\",\"name\",\"phone\",\"chi_doan\",\"checkin_time\",\"method\"]', '2026-07-10 08:07:44', 7, 50, 0, 'once', '', 0),
('EV-3150', 'ahahaa', '2026-07-02 08:33:00', '2026-07-04 08:33:00', '', 'II_2', '', '', 'ДҗГЈ kбәҝt thГәc', 0, 1, '{\"ANMT\":\"\",\"CNTT\":\"\",\"HTTT\":\"\",\"KHMT\":\"\",\"KTPM\":\"\",\"TTNT\":\"\"}', 1, NULL, NULL, '[\"mssv\",\"name\",\"phone\",\"chi_doan\",\"checkin_time\",\"method\"]', '2026-07-02 01:33:56', NULL, 50, 0, 'once', NULL, 0),
('EV-3401', 'test1', '2026-07-04 18:58:00', '2026-07-05 18:54:00', '', 'III_1', '', '', 'Ngб»«ng hoбәЎt Д‘б»ҷng', 1, 1, '{\"ANMT\":\"\",\"CNTT\":\"\",\"HTTT\":\"\",\"KHMT\":\"\",\"KTPM\":\"\",\"TTNT\":\"\"}', 1, 16.16670000, 107.83330000, '[\"mssv\",\"name\",\"phone\",\"chi_doan\",\"checkin_time\",\"method\"]', '2026-07-04 11:55:07', 8, 50, 0, 'once', NULL, 0),
('EV-3574', 'te222w', '2026-06-29 20:37:00', '2026-06-24 20:37:00', '', '', '', '', 'ДҗГЈ kбәҝt thГәc', 0, 1, NULL, 0, NULL, NULL, '[\"mssv\",\"name\",\"phone\",\"chi_doan\",\"checkin_time\",\"method\"]', '2026-06-09 13:37:15', NULL, 50, 0, 'once', NULL, 0),
('EV-3657', 'tГ©t3', '2026-07-06 09:20:00', '2026-07-07 09:20:00', '', 'V_3', '', '', 'ДҗГЈ kбәҝt thГәc', 1, 0, '{\"ANMT\":\"\",\"CNTT\":\"\",\"HTTT\":\"\",\"KHMT\":\"\",\"KTPM\":\"\",\"TTNT\":\"\"}', 2, 10.02106400, 105.73338900, '[\"mssv\",\"name\",\"phone\",\"chi_doan\",\"checkin_time\",\"method\"]', '2026-07-06 02:20:51', 9, 50, 0, 'once', '', 0),
('EV-3685', 'tГ©t11', '2026-07-06 11:28:00', '2026-07-07 11:28:00', '', 'V_3', '', '', 'ДҗГЈ kбәҝt thГәc', 1, 0, '{\"ANMT\":\"\",\"CNTT\":\"10\",\"HTTT\":\"10\",\"KHMT\":\"\",\"KTPM\":\"\",\"TTNT\":\"\"}', 5, 10.02106400, 105.73338900, '[\"mssv\",\"name\",\"phone\",\"chi_doan\",\"checkin_time\",\"method\"]', '2026-07-06 04:28:30', 9, 50, 20, 'once', '', 0),
('EV-3738', 'truonghop1', '2026-07-04 19:25:00', '2026-07-05 19:21:00', '', 'III_1', '', '', 'Ngб»«ng hoбәЎt Д‘б»ҷng', 1, 1, '{\"ANMT\":\"\",\"CNTT\":\"\",\"HTTT\":\"\",\"KHMT\":\"\",\"KTPM\":\"\",\"TTNT\":\"\"}', 1, 16.16670000, 107.83330000, '[\"mssv\",\"name\",\"phone\",\"chi_doan\",\"checkin_time\",\"method\"]', '2026-07-04 12:21:44', 8, 50, 0, 'once', NULL, 0),
('EV-3820', 'weqwee', '2026-07-03 20:14:00', '2026-07-04 20:03:00', '', 'III_2', '', '', 'Ngб»«ng hoбәЎt Д‘б»ҷng', 1, 1, '{\"ANMT\":\"\",\"CNTT\":\"\",\"HTTT\":\"\",\"KHMT\":\"\",\"KTPM\":\"\",\"TTNT\":\"\"}', 5, 10.82200000, 106.62570000, '[\"mssv\",\"name\",\"phone\",\"chi_doan\",\"checkin_time\",\"method\"]', '2026-07-03 13:04:03', 7, 50, 0, 'once', NULL, 0),
('EV-3825', '1', '2026-07-03 20:14:00', '2026-07-04 20:08:00', '', 'III_2', '', '', 'Ngб»«ng hoбәЎt Д‘б»ҷng', 0, 0, '{\"ANMT\":\"\",\"CNTT\":\"\",\"HTTT\":\"\",\"KHMT\":\"\",\"KTPM\":\"\",\"TTNT\":\"\"}', 0, NULL, NULL, '[\"mssv\",\"name\",\"phone\",\"chi_doan\",\"checkin_time\",\"method\"]', '2026-07-03 13:08:20', NULL, 50, 0, 'once', NULL, 0),
('EV-3827', 'tГ©t2', '2026-07-06 09:08:00', '2026-07-07 09:09:00', '', 'V_3', '', '', 'ДҗГЈ kбәҝt thГәc', 1, 1, '{\"ANMT\":\"\",\"CNTT\":\"\",\"HTTT\":\"\",\"KHMT\":\"\",\"KTPM\":\"\",\"TTNT\":\"\"}', 0, 10.02106400, 105.73338900, '[\"mssv\",\"name\",\"phone\",\"chi_doan\",\"checkin_time\",\"method\"]', '2026-07-06 02:09:12', 9, 50, 0, 'once', '', 0),
('EV-3969', 'skt1', '2026-07-09 15:01:00', '2026-07-11 15:01:00', '', 'II_1', '', '', 'ДҗГЈ kбәҝt thГәc', 1, 0, '{\"ANMT\":\"\",\"CNTT\":\"\",\"HTTT\":\"\",\"KHMT\":\"\",\"KTPM\":\"\",\"TTNT\":\"\"}', 2, 10.04733600, 105.76733600, '[\"mssv\",\"name\",\"phone\",\"chi_doan\",\"checkin_time\",\"method\"]', '2026-07-10 08:02:02', 10, 50, 0, 'once', '', 0),
('EV-3985', 'SAD', '2026-07-09 15:21:00', '2026-07-12 15:21:00', '', 'I_2', '', '', 'ДҗГЈ kбәҝt thГәc', 0, 1, '{\"ANMT\":\"\",\"CNTT\":\"\",\"HTTT\":\"\",\"KHMT\":\"\",\"KTPM\":\"\",\"TTNT\":\"\"}', 0, NULL, NULL, '[\"mssv\",\"name\",\"phone\",\"chi_doan\",\"checkin_time\",\"method\"]', '2026-07-10 08:21:46', NULL, 50, 0, 'once', '', 0),
('EV-4111', 'th4', '2026-07-04 19:15:00', '2026-07-05 19:13:00', '', 'I_4', '', '', 'Ngб»«ng hoбәЎt Д‘б»ҷng', 0, 1, '{\"ANMT\":\"\",\"CNTT\":\"\",\"HTTT\":\"\",\"KHMT\":\"\",\"KTPM\":\"\",\"TTNT\":\"\"}', 2, NULL, NULL, '[\"mssv\",\"name\",\"phone\",\"chi_doan\",\"checkin_time\",\"method\"]', '2026-07-04 12:13:20', NULL, 50, 0, 'multiple', NULL, 0),
('EV-4264', 'sбәҘ1', '2026-07-09 15:15:00', '2026-07-11 15:15:00', '', 'II_2', '', '', 'ДҗГЈ kбәҝt thГәc', 1, 0, '{\"ANMT\":\"\",\"CNTT\":\"\",\"HTTT\":\"\",\"KHMT\":\"\",\"KTPM\":\"\",\"TTNT\":\"\"}', 0, 10.04733600, 105.76733600, '[\"mssv\",\"name\",\"phone\",\"chi_doan\",\"checkin_time\",\"method\"]', '2026-07-10 08:15:32', 10, 50, 0, 'once', '', 0),
('EV-4266', 'th1', '2026-07-05 20:33:00', '2026-07-06 20:29:00', '', 'I_4', '', '', 'ДҗГЈ kбәҝt thГәc', 1, 0, '{\"ANMT\":\"\",\"CNTT\":\"\",\"HTTT\":\"\",\"KHMT\":\"\",\"KTPM\":\"\",\"TTNT\":\"\"}', 1, 16.16670000, 107.83330000, '[\"mssv\",\"name\",\"phone\",\"chi_doan\",\"checkin_time\",\"method\"]', '2026-07-05 13:29:56', 8, 50, 0, 'once', '', 0),
('EV-4436', 'tГ©t10', '2026-07-06 11:11:00', '2026-07-07 11:11:00', '', 'V_3', '', '', 'ДҗГЈ kбәҝt thГәc', 1, 0, '{\"ANMT\":\"\",\"CNTT\":\"10\",\"HTTT\":\"10\",\"KHMT\":\"\",\"KTPM\":\"\",\"TTNT\":\"\"}', 3, 10.02106400, 105.73338900, '[\"mssv\",\"name\",\"phone\",\"chi_doan\",\"checkin_time\",\"method\"]', '2026-07-06 04:12:01', 9, 50, 20, 'once', '', 0),
('EV-4695', 'tГ©t1', '2026-07-06 08:58:00', '2026-07-07 08:58:00', '', 'V_3', '', '', 'ДҗГЈ kбәҝt thГәc', 1, 0, '{\"ANMT\":\"\",\"CNTT\":\"\",\"HTTT\":\"\",\"KHMT\":\"\",\"KTPM\":\"\",\"TTNT\":\"\"}', 5, 10.02106400, 105.73338900, '[\"mssv\",\"name\",\"phone\",\"chi_doan\",\"checkin_time\",\"method\"]', '2026-07-06 01:58:54', 9, 50, 0, 'once', '', 0),
('EV-4705', 'con mбә№ nГі chб»© ad', '2026-06-29 11:38:00', '2026-06-30 11:43:00', '', 'I_2', '', '', 'ДҗГЈ kбәҝt thГәc', 0, 0, NULL, 2, NULL, NULL, '[\"mssv\",\"name\",\"phone\",\"chi_doan\",\"checkin_time\",\"method\"]', '2026-06-28 04:38:31', NULL, 50, 10, 'once', NULL, 0),
('EV-4746', 'truonghop4', '2026-07-04 19:26:00', '2026-07-05 19:23:00', '', 'I_5', '', '', 'Ngб»«ng hoбәЎt Д‘б»ҷng', 0, 1, '{\"ANMT\":\"\",\"CNTT\":\"\",\"HTTT\":\"\",\"KHMT\":\"\",\"KTPM\":\"\",\"TTNT\":\"\"}', 1, NULL, NULL, '[\"mssv\",\"name\",\"phone\",\"chi_doan\",\"checkin_time\",\"method\"]', '2026-07-04 12:23:12', NULL, 50, 0, 'multiple', NULL, 0),
('EV-5121', 'tesw12', '2026-06-09 12:49:00', '2026-06-12 20:49:00', 'dsadasdsad', '', '', '', 'ДҗГЈ kбәҝt thГәc', 0, 1, NULL, 0, NULL, NULL, '[\"mssv\",\"name\",\"phone\",\"chi_doan\",\"checkin_time\",\"method\"]', '2026-06-09 13:49:55', NULL, 50, 0, 'once', NULL, 0),
('EV-5776', 'Hiбәҝn mГЎu tГ¬nh nguyб»Үn', '2026-07-06 13:54:00', '2026-07-07 13:54:00', '', 'III_2', '', '', 'ДҗГЈ kбәҝt thГәc', 0, 1, '{\"ANMT\":\"\",\"CNTT\":\"\",\"HTTT\":\"\",\"KHMT\":\"\",\"KTPM\":\"\",\"TTNT\":\"\"}', 8, NULL, NULL, '[\"mssv\",\"name\",\"phone\",\"chi_doan\",\"checkin_time\",\"method\"]', '2026-07-06 06:54:20', NULL, 50, 100, 'once', '', 0),
('EV-6161', 'adgada111', '2026-07-01 12:03:00', '2026-07-10 12:03:00', '', 'III_2', '', '', 'ДҗГЈ kбәҝt thГәc', 0, 1, '{\"ANMT\":\"10\",\"CNTT\":\"20\",\"HTTT\":\"20\",\"KHMT\":\"37\",\"KTPM\":\"13\",\"TTNT\":\"\"}', 22, NULL, NULL, '[\"mssv\",\"name\",\"phone\",\"chi_doan\",\"checkin_time\",\"method\"]', '2026-07-01 05:03:43', NULL, 50, 100, 'once', NULL, 0),
('EV-6442', 'l2', '2026-07-16 19:14:00', '2026-07-17 19:14:00', '', 'II_2', '', '', 'SбәҜp diб»…n ra', 0, 1, '{\"ANMT\":\"\",\"CNTT\":\"\",\"HTTT\":\"\",\"KHMT\":\"\",\"KTPM\":\"\",\"TTNT\":\"\"}', 2, NULL, NULL, '[\"mssv\",\"name\",\"phone\",\"chi_doan\",\"checkin_time\",\"method\"]', '2026-07-14 12:14:15', NULL, 50, 0, 'once', '', 0),
('EV-6737', 'th2', '2026-07-04 18:59:00', '2026-07-05 18:56:00', '', 'IV_1', '', '', 'Ngб»«ng hoбәЎt Д‘б»ҷng', 0, 1, '{\"ANMT\":\"\",\"CNTT\":\"\",\"HTTT\":\"\",\"KHMT\":\"\",\"KTPM\":\"\",\"TTNT\":\"\"}', 0, NULL, NULL, '[\"mssv\",\"name\",\"phone\",\"chi_doan\",\"checkin_time\",\"method\"]', '2026-07-04 11:57:10', NULL, 50, 0, 'once', NULL, 0),
('EV-6927', 'tГ©t7', '2026-07-06 10:49:00', '2026-07-07 10:49:00', '', 'V_1', '', '', 'ДҗГЈ kбәҝt thГәc', 1, 0, '{\"ANMT\":\"\",\"CNTT\":\"10\",\"HTTT\":\"10\",\"KHMT\":\"\",\"KTPM\":\"\",\"TTNT\":\"\"}', 5, 10.02106400, 105.73338900, '[\"mssv\",\"name\",\"phone\",\"chi_doan\",\"checkin_time\",\"method\"]', '2026-07-06 03:49:56', 9, 50, 20, 'once', '', 0),
('EV-6962', 'tГ©t18', '2026-07-06 12:06:00', '2026-07-07 12:06:00', '', 'IV_3', '', '', 'ДҗГЈ kбәҝt thГәc', 0, 1, '{\"ANMT\":\"\",\"CNTT\":\"10\",\"HTTT\":\"10\",\"KHMT\":\"\",\"KTPM\":\"\",\"TTNT\":\"\"}', 1, NULL, NULL, '[\"mssv\",\"name\",\"phone\",\"chi_doan\",\"checkin_time\",\"method\"]', '2026-07-06 05:06:44', NULL, 50, 20, 'once', '', 0),
('EV-7012', 'chungchi', '2026-07-05 20:35:00', '2026-07-06 20:35:00', '', 'I_2', '', '', 'ДҗГЈ kбәҝt thГәc', 0, 1, '{\"ANMT\":\"\",\"CNTT\":\"\",\"HTTT\":\"\",\"KHMT\":\"\",\"KTPM\":\"\",\"TTNT\":\"\"}', 1, NULL, NULL, '[\"mssv\",\"name\",\"phone\",\"chi_doan\",\"checkin_time\",\"method\"]', '2026-07-05 13:35:19', NULL, 50, 0, 'once', '/uploads/1783258519235-287192239.webp', 0),
('EV-7085', 'tГ©t14', '2026-07-06 11:46:00', '2026-07-07 11:47:00', '', 'V_3', '', '', 'ДҗГЈ kбәҝt thГәc', 1, 0, '{\"ANMT\":\"\",\"CNTT\":\"10\",\"HTTT\":\"10\",\"KHMT\":\"\",\"KTPM\":\"\",\"TTNT\":\"\"}', 6, 10.02106400, 105.73338900, '[\"mssv\",\"name\",\"phone\",\"chi_doan\",\"checkin_time\",\"method\"]', '2026-07-06 04:47:05', 9, 50, 20, 'once', '', 0),
('EV-7170', 'CГўu chuyб»Үn thб»қi hoa lб»ӯa', '2026-07-09 15:42:00', '2026-07-20 15:42:00', '@All  CДғn cб»© CV 525 ngГ y 09/7 cб»§a ThГ nh ДҗoГ n Cбә§n ThЖЎ vГ  Sб»‘ lЖ°б»Јng phГўn bб»• mб»ӣi chб»ү tiГӘu Дҗб»Ғ ГЎn 20 \"CГўu chuyб»Үn thб»қi hoa lб»ӯa\" Sб»‘ lЖ°б»Јng bГ i cГІn lбәЎi lГ  800 bГ i hoГ n thГ nh Д‘бәҝn trЖ°б»ӣc 27/7.\r\nKГӯnh gб»ӯi quГҪ Thбә§y/CГҙ, Anh/Chб»Ӣ BГӯ thЖ° cГЎc ДҗoГ n khoa sб»‘ liб»Үu phГўn bб»• mб»ӣi Д‘б»ғ hoГ n thГ nh sб»‘ lЖ°б»Јng Д‘б»Ғ ra.\r\nTheo sб»‘ liб»Үu hoГ n thГ nh chб»ү tiГӘu trЖ°б»ӣc Д‘Гі, ДҗK KT-QLCN hoГ n thГ nh 100% sб»‘ lЖ°б»Јng, cГЎc Д‘ЖЎn vб»Ӣ cГІn lбәЎi chЖ°a Д‘бәЈm bбәЈo sб»‘ lЖ°б»Јng. NГӘn sб»‘ lЖ°б»Јng sбәҪ Д‘Ж°б»Јc phГўn bб»• nhЖ° sau:\r\n- ДҗK KHXH 120 sбәЈn phбә©m\r\n- ДҗK KT-QLCN 100 sбәЈn phбә©m\r\n- ДҗK KTCK 160 sбәЈn phбә©m\r\n- ДҗK Дҗ-ДҗT 120 sбәЈn phбә©m\r\n- ДҗK CNTT 110 sбәЈn phбә©m\r\n- ДҗK SH-TP 150 sбәЈn phбә©m\r\n- ДҗK KTXD 120 sбәЈn phбә©m\r\nCГЎc Д‘ЖЎn vб»Ӣ cДғn cб»© sб»‘ lЖ°б»Јng kГӯnh mong cГЎc Д‘ЖЎn vб»Ӣ hб»— trб»Ј thб»ұc hiб»Үn Д‘бәЈm bбәЈo chб»ү tiГӘu ДҗoГ n bб»ҷ TP phГўn bб»• trЖ°б»ӣc ngГ y 20/7 Д‘б»ғ bб»ҷ phбәӯn kб»№ thuбәӯt up bГ i lГӘn hб»Ү thб»‘ng.\r\nTrГўn trб»Қng cбәЈm ЖЎn!', 'II_1', '', '[\"/uploads/1783673034520-843380046.docx\"]', 'Дҗang diб»…n ra', 0, 0, '{\"ANMT\":\"\",\"CNTT\":\"\",\"HTTT\":\"\",\"KHMT\":\"\",\"KTPM\":\"\",\"TTNT\":\"\"}', 0, NULL, NULL, '[\"mssv\",\"name\",\"phone\",\"chi_doan\",\"checkin_time\",\"method\"]', '2026-07-10 08:43:54', NULL, 50, 110, 'once', '', 1),
('EV-7387', 'tГ©t13', '2026-07-06 11:36:00', '2026-07-07 11:36:00', '', 'V_3', '', '', 'ДҗГЈ kбәҝt thГәc', 1, 0, '{\"ANMT\":\"\",\"CNTT\":\"10\",\"HTTT\":\"10\",\"KHMT\":\"\",\"KTPM\":\"\",\"TTNT\":\"\"}', 5, 10.02106400, 105.73338900, '[\"mssv\",\"name\",\"phone\",\"chi_doan\",\"checkin_time\",\"method\"]', '2026-07-06 04:36:38', 9, 50, 20, 'once', '', 0),
('EV-7454', 'huhuh', '2026-06-14 23:30:00', '2026-06-30 23:30:00', 'dбәҘdasddбәҘdasdad', 'I_2', '', '', 'ДҗГЈ kбәҝt thГәc', 0, 1, NULL, 30, NULL, NULL, '[\"mssv\",\"name\",\"phone\",\"chi_doan\",\"checkin_time\",\"method\"]', '2026-06-09 16:31:06', NULL, 50, 100, 'once', NULL, 0),
('EV-7659', 'huhuh', '2026-07-03 20:05:00', '2026-07-04 20:01:00', '', 'III_1', '/uploads/1783083711799-95370351.jpg', '', 'Ngб»«ng hoбәЎt Д‘б»ҷng', 0, 1, '{\"ANMT\":\"\",\"CNTT\":\"\",\"HTTT\":\"\",\"KHMT\":\"\",\"KTPM\":\"\",\"TTNT\":\"\"}', 5, NULL, NULL, '[\"mssv\",\"name\",\"phone\",\"chi_doan\",\"checkin_time\",\"method\"]', '2026-07-03 13:01:51', NULL, 50, 0, 'once', NULL, 0),
('EV-7816', 'alibaba', '2026-06-03 16:51:00', '2026-06-12 15:50:00', 'Д‘ГўbjsdhkjnalsndГЎl;d', 'Hб»Қc thuбәӯt', '/uploads/1781018919776-Shi Hao Г§ВҹВіГҰВҳВҠ Г ВёВӘГ ВёВ·Г ВёВӯГ В№ВҖГ ВёВ®Г В№ВҲГ ВёВІ Huang ГЁВҚВ’ Г ВёВ®Г ВёВ§Г ВёВҮ _ Perfect World ГҘВ®ВҢГ§ВҫВҺГӨВёВ–Г§В•ВҢ Г В№ВӮГ ВёВҘГ ВёВҒГ ВёВӯГ ВёВұГ ВёВҷГ ВёВӘГ ВёВЎГ ВёВҡГ ВёВ№Г ВёВЈГ ВёВ“Г В№ВҢГ В№ВҒГ ВёВҡГ ВёВҡ.jpg', '/uploads/1781019672492-indexhtml.php', 'ДҗГЈ kбәҝt thГәc', 1, 1, NULL, 0, 10.02108100, 99.99999999, '[\"mssv\",\"name\",\"phone\",\"chi_doan\",\"checkin_time\",\"method\"]', '2026-06-09 08:50:48', NULL, 50, 0, 'once', NULL, 0),
('EV-7968', 'tГ©t16', '2026-07-06 11:51:00', '2026-07-07 11:51:00', '', 'V_3', '', '', 'ДҗГЈ kбәҝt thГәc', 1, 0, '{\"ANMT\":\"\",\"CNTT\":\"10\",\"HTTT\":\"10\",\"KHMT\":\"\",\"KTPM\":\"\",\"TTNT\":\"\"}', 5, 10.02106400, 105.73338900, '[\"mssv\",\"name\",\"phone\",\"chi_doan\",\"checkin_time\",\"method\"]', '2026-07-06 04:51:34', 9, 50, 20, 'once', '', 0),
('EV-8042', 'truonghop1', '2026-07-04 18:58:00', '2026-07-05 18:52:00', '', 'III_1', '', '', 'Ngб»«ng hoбәЎt Д‘б»ҷng', 1, 0, '{\"ANMT\":\"\",\"CNTT\":\"\",\"HTTT\":\"\",\"KHMT\":\"\",\"KTPM\":\"\",\"TTNT\":\"\"}', 5, 16.16670000, 107.83330000, '[\"mssv\",\"name\",\"phone\",\"chi_doan\",\"checkin_time\",\"method\"]', '2026-07-04 11:53:06', 8, 50, 0, 'once', NULL, 0),
('EV-8044', 'skt2', '2026-07-09 15:04:00', '2026-07-11 15:04:00', '', 'III_2', '', '', 'ДҗГЈ kбәҝt thГәc', 1, 0, '{\"ANMT\":\"\",\"CNTT\":\"\",\"HTTT\":\"\",\"KHMT\":\"\",\"KTPM\":\"\",\"TTNT\":\"\"}', 2, 16.16670000, 107.83330000, '[\"mssv\",\"name\",\"phone\",\"chi_doan\",\"checkin_time\",\"method\"]', '2026-07-10 08:04:53', 8, 50, 0, 'once', '', 0),
('EV-8254', 'tГ©t19', '2026-07-06 12:14:00', '2026-07-07 12:14:00', '', 'IV_3', '', '', 'ДҗГЈ kбәҝt thГәc', 1, 0, '{\"ANMT\":\"\",\"CNTT\":\"10\",\"HTTT\":\"10\",\"KHMT\":\"\",\"KTPM\":\"\",\"TTNT\":\"\"}', 1, 10.02106400, 105.73338900, '[\"mssv\",\"name\",\"phone\",\"chi_doan\",\"checkin_time\",\"method\"]', '2026-07-06 05:14:47', 9, 50, 20, 'once', '', 0),
('EV-8258', 'l1', '2026-07-14 19:09:00', '2026-07-16 19:09:00', '', 'I_2', '', '', 'Дҗang diб»…n ra', 0, 1, '{\"ANMT\":\"\",\"CNTT\":\"\",\"HTTT\":\"\",\"KHMT\":\"\",\"KTPM\":\"\",\"TTNT\":\"\"}', 3, NULL, NULL, '[\"mssv\",\"name\",\"phone\",\"chi_doan\",\"checkin_time\",\"method\"]', '2026-07-14 12:09:54', NULL, 50, 0, 'multiple', '', 0),
('EV-8393', 'test', '2026-06-09 19:45:00', '2026-06-13 15:45:00', 'https://meet.google.com/xyz  adadasdasdacaca', '', '/uploads/1780994720848-Shi Hao Г§ВҹВіГҰВҳВҠ Г ВёВӘГ ВёВ·Г ВёВӯГ В№ВҖГ ВёВ®Г В№ВҲГ ВёВІ Huang ГЁВҚВ’ Г ВёВ®Г ВёВ§Г ВёВҮ _ Perfect World ГҘВ®ВҢГ§ВҫВҺГӨВёВ–Г§В•ВҢ Г В№ВӮГ ВёВҘГ ВёВҒГ ВёВӯГ ВёВұГ ВёВҷГ ВёВӘГ ВёВЎГ ВёВҡГ ВёВ№Г ВёВЈГ ВёВ“Г В№ВҢГ В№ВҒГ ВёВҡГ ВёВҡ.jpg', '', 'ДҗГЈ kбәҝt thГәc', 0, 1, NULL, 0, NULL, NULL, '[\"mssv\",\"name\",\"phone\",\"chi_doan\",\"checkin_time\",\"method\"]', '2026-06-09 08:45:20', NULL, 50, 0, 'once', NULL, 0),
('EV-8438', 'hihi', '2026-07-07 08:09:00', '2026-07-08 08:09:00', '', 'IV_1', '', '', 'ДҗГЈ kбәҝt thГәc', 1, 0, '{\"ANMT\":\"\",\"CNTT\":\"\",\"HTTT\":\"\",\"KHMT\":\"\",\"KTPM\":\"\",\"TTNT\":\"\"}', 5, 10.02106400, 105.73338900, '[\"mssv\",\"name\",\"phone\",\"chi_doan\",\"checkin_time\",\"method\"]', '2026-07-07 01:09:16', 9, 50, 0, 'once', '', 0),
('EV-8540', 'adadadad', '2026-07-01 09:32:00', '2026-07-08 09:32:00', 'adasdasdad', 'V_1', '', '', 'ДҗГЈ kбәҝt thГәc', 0, 0, '{\"ANMT\":\"20\",\"CNTT\":\"30\",\"HTTT\":\"50\",\"KHMT\":\"\",\"KTPM\":\"\",\"TTNT\":\"\"}', 12, NULL, NULL, '[\"mssv\",\"name\",\"phone\",\"chi_doan\",\"checkin_time\",\"method\"]', '2026-07-01 02:32:40', NULL, 50, 100, 'once', NULL, 0),
('EV-8563', 'truonghop2', '2026-07-05 12:04:00', '2026-07-06 11:49:00', '', 'III_1', '', '', 'ДҗГЈ kбәҝt thГәc', 0, 1, '{\"ANMT\":\"\",\"CNTT\":\"\",\"HTTT\":\"\",\"KHMT\":\"\",\"KTPM\":\"\",\"TTNT\":\"\"}', 1, NULL, NULL, '[\"mssv\",\"name\",\"phone\",\"chi_doan\",\"checkin_time\",\"method\"]', '2026-07-05 04:49:44', NULL, 50, 0, 'once', '', 0),
('EV-8613', '1', '2026-07-07 08:17:00', '2026-07-08 08:17:00', '', 'I_2', '', '', 'ДҗГЈ kбәҝt thГәc', 1, 0, '{\"ANMT\":\"\",\"CNTT\":\"\",\"HTTT\":\"\",\"KHMT\":\"\",\"KTPM\":\"\",\"TTNT\":\"\"}', 5, 10.02106400, 105.73338900, '[\"mssv\",\"name\",\"phone\",\"chi_doan\",\"checkin_time\",\"method\"]', '2026-07-07 01:18:02', 9, 50, 0, 'once', '', 0),
('EV-8770', 'trsatyud', '2026-07-03 20:05:00', '2026-07-04 20:02:00', '', 'III_2', '/uploads/1783083764239-484644047.jpg', '', 'Ngб»«ng hoбәЎt Д‘б»ҷng', 1, 0, '{\"ANMT\":\"\",\"CNTT\":\"\",\"HTTT\":\"\",\"KHMT\":\"\",\"KTPM\":\"\",\"TTNT\":\"\"}', 0, 10.82200000, 106.62570000, '[\"mssv\",\"name\",\"phone\",\"chi_doan\",\"checkin_time\",\"method\"]', '2026-07-03 13:02:44', 7, 50, 0, 'once', NULL, 0),
('EV-8933', 'truonghop2', '2026-07-03 23:50:00', '2026-07-04 23:44:00', '', 'III_2', '', '', 'Ngб»«ng hoбәЎt Д‘б»ҷng', 0, 1, '{\"ANMT\":\"\",\"CNTT\":\"\",\"HTTT\":\"\",\"KHMT\":\"\",\"KTPM\":\"\",\"TTNT\":\"\"}', 5, NULL, NULL, '[\"mssv\",\"name\",\"phone\",\"chi_doan\",\"checkin_time\",\"method\"]', '2026-07-03 16:44:33', NULL, 50, 0, 'once', NULL, 0),
('EV-9043', 'tГ©t6', '2026-07-06 10:00:00', '2026-07-07 10:00:00', '', 'V_3', '', '', 'ДҗГЈ kбәҝt thГәc', 0, 0, '{\"ANMT\":\"\",\"CNTT\":\"10\",\"HTTT\":\"10\",\"KHMT\":\"\",\"KTPM\":\"\",\"TTNT\":\"\"}', 5, NULL, NULL, '[\"mssv\",\"name\",\"phone\",\"chi_doan\",\"checkin_time\",\"method\"]', '2026-07-06 03:00:53', NULL, 50, 20, 'once', '', 0),
('EV-9050', 'testtgday', '2026-06-10 00:16:00', '2026-06-12 21:17:00', 'ГЎdasdsad', '', '', '', 'ДҗГЈ kбәҝt thГәc', 0, 1, NULL, 0, NULL, NULL, '[\"mssv\",\"name\",\"phone\",\"chi_doan\",\"checkin_time\",\"method\"]', '2026-06-09 14:17:44', NULL, 50, 0, 'once', NULL, 0),
('EV-9111', 'tГ©t5', '2026-07-06 09:46:00', '2026-07-07 09:46:00', '', 'V_3', '', '', 'ДҗГЈ kбәҝt thГәc', 1, 1, '{\"ANMT\":\"\",\"CNTT\":\"0\",\"HTTT\":\"1\",\"KHMT\":\"\",\"KTPM\":\"\",\"TTNT\":\"\"}', 5, 10.02106400, 105.73338900, '[\"mssv\",\"name\",\"phone\",\"chi_doan\",\"checkin_time\",\"method\"]', '2026-07-06 02:46:24', 9, 50, 1, 'once', '', 0),
('EV-9200', 'tГ©t4', '2026-07-06 08:30:00', '2026-07-07 09:31:00', '', 'V_2', '', '', 'ДҗГЈ kбәҝt thГәc', 1, 0, '{\"ANMT\":\"\",\"CNTT\":\"\",\"HTTT\":\"\",\"KHMT\":\"\",\"KTPM\":\"\",\"TTNT\":\"\"}', 5, 10.02106400, 105.73338900, '[\"mssv\",\"name\",\"phone\",\"chi_doan\",\"checkin_time\",\"method\"]', '2026-07-06 02:32:03', 9, 50, 0, 'once', '', 0),
('EV-9330', 'koko', '2026-07-02 14:47:00', '2026-07-06 14:47:00', '', 'I_2', '', '', 'ДҗГЈ kбәҝt thГәc', 0, 1, '{\"ANMT\":\"\",\"CNTT\":\"\",\"HTTT\":\"\",\"KHMT\":\"\",\"KTPM\":\"\",\"TTNT\":\"\"}', 2, NULL, NULL, '[\"mssv\",\"name\",\"phone\",\"chi_doan\",\"checkin_time\",\"method\"]', '2026-07-02 07:47:45', NULL, 50, 0, 'once', NULL, 0),
('EV-9340', 'ko', '2026-06-09 20:05:00', '2026-06-23 23:13:00', '', 'Hб»Қc thuбәӯt', '/uploads/1780654645063-Shi Hao Г§ВҹВіГҰВҳВҠ Г ВёВӘГ ВёВ·Г ВёВӯГ В№ВҖГ ВёВ®Г В№ВҲГ ВёВІ Huang ГЁВҚВ’ Г ВёВ®Г ВёВ§Г ВёВҮ _ Perfect World ГҘВ®ВҢГ§ВҫВҺГӨВёВ–Г§В•ВҢ Г В№ВӮГ ВёВҘГ ВёВҒГ ВёВӯГ ВёВұГ ВёВҷГ ВёВӘГ ВёВЎГ ВёВҡГ ВёВ№Г ВёВЈГ ВёВ“Г В№ВҢГ В№ВҒГ ВёВҡГ ВёВҡ.jpg', '', 'ДҗГЈ kбәҝt thГәc', 0, 1, NULL, 0, NULL, NULL, '[\"mssv\",\"name\",\"phone\",\"chi_doan\",\"checkin_time\",\"method\"]', '2026-06-04 16:13:32', NULL, 50, 0, 'once', NULL, 0),
('EV-9455', 'truonghop2', '2026-07-04 19:25:00', '2026-07-05 19:22:00', '', 'I_4', '', '', 'Ngб»«ng hoбәЎt Д‘б»ҷng', 0, 1, '{\"ANMT\":\"\",\"CNTT\":\"\",\"HTTT\":\"\",\"KHMT\":\"\",\"KTPM\":\"\",\"TTNT\":\"\"}', 1, NULL, NULL, '[\"mssv\",\"name\",\"phone\",\"chi_doan\",\"checkin_time\",\"method\"]', '2026-07-04 12:22:19', NULL, 50, 0, 'once', NULL, 0),
('EV-9522', 'test2', '2026-06-16 00:03:00', '2026-06-23 22:01:00', 'sdadadadsad', '', '', '', 'ДҗГЈ kбәҝt thГәc', 0, 1, NULL, 0, NULL, NULL, '[\"mssv\",\"name\",\"phone\",\"chi_doan\",\"checkin_time\",\"method\"]', '2026-06-09 15:01:59', NULL, 50, 0, 'once', NULL, 0),
('EV-9672', 'tГ©t20', '2026-07-06 12:25:00', '2026-07-07 12:25:00', '', 'V_3', '', '', 'ДҗГЈ kбәҝt thГәc', 1, 0, '{\"ANMT\":\"\",\"CNTT\":\"10\",\"HTTT\":\"10\",\"KHMT\":\"\",\"KTPM\":\"\",\"TTNT\":\"\"}', 1, 10.02106400, 105.73338900, '[\"mssv\",\"name\",\"phone\",\"chi_doan\",\"checkin_time\",\"method\"]', '2026-07-06 05:25:13', 9, 50, 20, 'once', '', 0),
('EV-9685', 'truonghop21', '2026-07-04 00:00:00', '2026-07-04 23:57:00', '', 'III_2', '', '', 'Ngб»«ng hoбәЎt Д‘б»ҷng', 0, 1, '{\"ANMT\":\"\",\"CNTT\":\"\",\"HTTT\":\"\",\"KHMT\":\"\",\"KTPM\":\"\",\"TTNT\":\"\"}', 1, NULL, NULL, '[\"mssv\",\"name\",\"phone\",\"chi_doan\",\"checkin_time\",\"method\"]', '2026-07-03 16:57:34', NULL, 50, 0, 'once', NULL, 0),
('EV-9712', 'truonghop4', '2026-07-05 12:02:00', '2026-07-06 11:59:00', '', 'I_4', '', '', 'ДҗГЈ kбәҝt thГәc', 0, 1, '{\"ANMT\":\"\",\"CNTT\":\"\",\"HTTT\":\"\",\"KHMT\":\"\",\"KTPM\":\"\",\"TTNT\":\"\"}', 1, NULL, NULL, '[\"mssv\",\"name\",\"phone\",\"chi_doan\",\"checkin_time\",\"method\"]', '2026-07-05 04:59:51', NULL, 50, 0, 'multiple', '/uploads/1783227591550-947659259.png', 0),
('EV-9723', 'tГ¬m hiб»ғu phГЎp luбәӯt 2026', '2026-07-04 23:35:00', '2026-07-06 23:32:00', '', 'I_4', '', '', 'ДҗГЈ kбәҝt thГәc', 0, 1, '{\"ANMT\":\"\",\"CNTT\":\"\",\"HTTT\":\"\",\"KHMT\":\"\",\"KTPM\":\"\",\"TTNT\":\"\"}', 1, NULL, NULL, '[\"mssv\",\"name\",\"phone\",\"chi_doan\",\"checkin_time\",\"method\"]', '2026-07-04 16:33:09', NULL, 50, 0, 'multiple', '/uploads/1783182942503-619096678.png', 0),
('EV-9808', '1231', '2026-07-13 22:40:00', '2026-07-17 21:48:00', '', 'I_2', '', '', 'Дҗang diб»…n ra', 1, 0, '{\"ANMT\":\"\",\"CNTT\":\"\",\"HTTT\":\"\",\"KHMT\":\"\",\"KTPM\":\"\",\"TTNT\":\"\"}', 3, 10.02101100, 105.73335000, '[\"mssv\",\"name\",\"phone\",\"chi_doan\",\"checkin_time\",\"method\"]', '2026-07-13 14:48:52', 11, 50, 0, 'once', '', 0),
('EV-9880', 'truonghop1', '2026-07-05 11:51:00', '2026-07-06 11:48:00', '', 'III_1', '', '', 'ДҗГЈ kбәҝt thГәc', 1, 0, '{\"ANMT\":\"\",\"CNTT\":\"\",\"HTTT\":\"\",\"KHMT\":\"\",\"KTPM\":\"\",\"TTNT\":\"\"}', 1, 16.16670000, 107.83330000, '[\"mssv\",\"name\",\"phone\",\"chi_doan\",\"checkin_time\",\"method\"]', '2026-07-05 04:48:29', 8, 50, 0, 'once', '', 0),
('EVT-26001', 'ДҗбәЎi hб»ҷi Chi Д‘oГ n Hб»Ү thб»‘ng ThГҙng tin KhГіa 2023', '2026-05-15 14:00:00', '2026-05-15 17:30:00', '', '', '/uploads/poster_daihoi.jpg', '/uploads/kehoach_daihoi.pdf', 'ДҗГЈ kбәҝt thГәc', 1, 1, NULL, 0, 10.04530000, 99.99999999, '[\"mssv\", \"full_name\"]', '2026-05-01 01:00:00', NULL, 50, 0, 'once', NULL, 0),
('EVT-26002', 'Sinh hoбәЎt ChuyГӘn Д‘б»Ғ Web Fullstack: PHP & ReactJS', '2026-05-20 08:00:00', '2026-05-20 11:30:00', 'https://meet.google.com/abc', 'Hб»Қc thuбәӯt', '', '', 'ДҗГЈ kбәҝt thГәc', 0, 1, NULL, 0, NULL, NULL, '[\"mssv\"]', '2026-05-05 02:15:00', NULL, 50, 0, 'once', NULL, 0),
('EVT-26003', 'Hб»ҷi thбәЈo б»Ёng dб»Ҙng AI & Machine Learning', '2026-06-04 07:30:00', '2026-06-04 11:30:00', '', 'Hб»Қc thuбәӯt', '/uploads/poster_ai.jpg', '', 'ДҗГЈ kбәҝt thГәc', 1, 1, NULL, 0, 10.04530000, 99.99999999, '[\"mssv\", \"full_name\", \"faculty\"]', '2026-05-25 03:00:00', NULL, 50, 0, 'once', NULL, 0),
('EVT-26004', 'Chiбәҝn dб»Ӣch MГ№a HГЁ Xanh 2026', '2026-06-12 06:00:00', '2026-07-15 17:00:00', 'https://muahexanh.sv.ctuet.edu.vn', 'Tham gia hб»Қc tбәӯp', '/uploads/poster_mhx.png', '/uploads/dk_mhx.docx', 'Дҗang diб»…n ra', 1, 1, NULL, 10, 10.04086600, 105.76257700, '[\"mssv\",\"phone\",\"chi_doan\"]', '2026-06-01 07:30:00', 6, 50, 0, 'once', NULL, 0),
('EVT-26005', 'GiбәЈi bГіng Д‘ГЎ Sinh viГӘn CГҙng nghб»Ү', '2026-06-09 00:00:00', '2026-06-20 18:00:00', '', '', '', '', 'ДҗГЈ kбәҝt thГәc', 1, 1, NULL, 0, 10.04600000, 99.99999999, '[\"mssv\",\"full_name\"]', '2026-06-02 01:20:00', NULL, 50, 0, 'once', NULL, 0),
('EVT-26006', 'Tiбәҝp sб»©c MГ№a thi THPT Quб»‘c gia 2026', '2026-06-12 06:00:00', '2026-06-28 17:00:00', '', 'I_2', '/uploads/tsmt_2026.jpg', '', 'ДҗГЈ kбәҝt thГәc', 1, 1, NULL, 0, 10.04086600, 105.76257700, '[\"mssv\",\"phone\"]', '2026-06-03 02:00:00', 6, 50, 100, 'once', NULL, 0),
('EVT-26007', 'NgГ y hб»ҷi Sinh viГӘn 5 Tб»‘t cбәҘp TrЖ°б»қng', '2026-06-15 08:00:00', '2026-06-30 11:30:00', '', 'Tham gia hб»Қc tбәӯp', '/uploads/sv5t.png', '', 'ДҗГЈ kбәҝt thГәc', 0, 1, NULL, 2, NULL, NULL, '[\"mssv\"]', '2026-04-25 08:00:00', NULL, 50, 0, 'once', NULL, 0),
('EVT-26008', 'Seminar: XГўy dб»ұng Recommendation System', '2026-06-13 14:00:00', '2026-06-15 16:30:00', 'https://zoom.us/j/123456789', 'Quan hб»Ү cб»ҷng Д‘б»“ng', '/uploads/nlp_seminar.jpg', '/uploads/slide_nlp.pdf', 'ДҗГЈ kбәҝt thГәc', 0, 1, NULL, 5, NULL, NULL, '[\"mssv\",\"full_name\",\"phone\"]', '2026-06-01 03:10:00', NULL, 50, 0, 'once', NULL, 0),
('EVT-26009', 'lolo', '2026-06-27 14:00:00', '2026-06-04 17:00:00', '', 'TГ¬nh nguyб»Үn', '/uploads/1780654351135-Shi Hao Г§ВҹВіГҰВҳВҠ Г ВёВӘГ ВёВ·Г ВёВӯГ В№ВҖГ ВёВ®Г В№ВҲГ ВёВІ Huang ГЁВҚВ’ Г ВёВ®Г ВёВ§Г ВёВҮ _ Perfect World ГҘВ®ВҢГ§ВҫВҺГӨВёВ–Г§В•ВҢ Г В№ВӮГ ВёВҘГ ВёВҒГ ВёВӯГ ВёВұГ ВёВҷГ ВёВӘГ ВёВЎГ ВёВҡГ ВёВ№Г ВёВЈГ ВёВ“Г В№ВҢГ В№ВҒГ ВёВҡГ ВёВҡ.jpg', '', 'ДҗГЈ kбәҝt thГәc', 1, 1, NULL, 0, 10.04530000, 99.99999999, '[\"mssv\"]', '2026-05-28 01:00:00', NULL, 50, 0, 'once', NULL, 0),
('EVT-26010', 'Cuб»ҷc thi Thiбәҝt kбәҝ UI/UX б»Ёng dб»Ҙng QuбәЈn lГҪ', '2026-06-15 08:00:00', '2026-07-05 17:00:00', 'https://uiux.ctuet.edu.vn', 'Quan hб»Ү cб»ҷng Д‘б»“ng', '/uploads/uiux_contest.png', '/uploads/thele_uiux.pdf', 'ДҗГЈ kбәҝt thГәc', 0, 1, NULL, 5, NULL, NULL, '[\"mssv\",\"full_name\",\"email\"]', '2026-06-02 07:00:00', NULL, 50, 0, 'once', NULL, 0),
('EVT-26011', 'Workshop Kб»№ nДғng viбәҝt CV ngГ nh IT', '2026-05-25 18:30:00', '2026-05-25 21:00:00', '', '', '', '', 'ДҗГЈ kбәҝt thГәc', 1, 1, NULL, 0, 10.04530000, 99.99999999, '[\"mssv\"]', '2026-05-15 01:00:00', NULL, 50, 0, 'once', NULL, 0),
('EVT-26012', 'Giao lЖ°u vДғn nghб»Ү ChГ o mб»«ng nДғm hб»Қc mб»ӣi', '2026-06-13 06:30:00', '2026-08-15 22:00:00', '', 'HoбәЎt Д‘б»ҷng xГЈ hб»ҷi', '/uploads/van_nghe.jpg', '', 'Дҗang diб»…n ra', 0, 1, NULL, 5, NULL, NULL, '[\"mssv\",\"chi_doan\"]', '2026-06-01 00:30:00', NULL, 50, 0, 'once', NULL, 0),
('EVT-26013', 'Sinh hoбәЎt Chi Д‘oГ n chб»§ Д‘iб»ғm thГЎng 6', '2026-06-04 19:00:00', '2026-06-04 21:00:00', 'https://meet.google.com/xyz', '', '/uploads/1780654382384-Shi Hao Г§ВҹВіГҰВҳВҠ Г ВёВӘГ ВёВ·Г ВёВӯГ В№ВҖГ ВёВ®Г В№ВҲГ ВёВІ Huang ГЁВҚВ’ Г ВёВ®Г ВёВ§Г ВёВҮ _ Perfect World ГҘВ®ВҢГ§ВҫВҺГӨВёВ–Г§В•ВҢ Г В№ВӮГ ВёВҘГ ВёВҒГ ВёВӯГ ВёВұГ ВёВҷГ ВёВӘГ ВёВЎГ ВёВҡГ ВёВ№Г ВёВЈГ ВёВ“Г В№ВҢГ В№ВҒГ ВёВҡГ ВёВҡ.jpg', '', 'ДҗГЈ kбәҝt thГәc', 0, 1, NULL, 0, NULL, NULL, '[\"mssv\",\"full_name\"]', '2026-06-01 02:00:00', NULL, 50, 0, 'once', NULL, 0),
('EVT-26014', 'Tб»Қa Д‘Г m Дҗб»Ӣnh hЖ°б»ӣng nghб»Ғ nghiб»Үp Data Science', '2026-06-13 08:00:00', '2026-06-18 11:30:00', '', 'HoбәЎt Д‘б»ҷng xГЈ hб»ҷi', '/uploads/datascience.png', '', 'ДҗГЈ kбәҝt thГәc', 1, 1, NULL, 20, 10.04086600, 105.76257700, '[\"mssv\",\"full_name\",\"chi_doan\",\"checkin_time\"]', '2026-06-03 08:45:00', 6, 50, 0, 'once', NULL, 0),
('EVT-26015', 'ChuyГӘn Д‘б»Ғ An toГ n thГҙng tin mбәЎng', '2026-05-05 14:00:00', '2026-05-05 16:30:00', '', 'Hб»Қc thuбәӯt', '', '', 'ДҗГЈ kбәҝt thГәc', 1, 1, NULL, 0, 10.04530000, 99.99999999, '[\"mssv\"]', '2026-04-20 03:00:00', NULL, 50, 0, 'once', NULL, 0),
('EVT-26016', 'Hiбәҝn mГЎu tГ¬nh nguyб»Үn Д‘б»Јt 2 - NДғm 2026', '2026-06-09 07:00:00', '2026-06-12 11:30:00', '', 'TГ¬nh nguyб»Үn', '/uploads/hien_mau.jpg', '/uploads/phieu_dangky.pdf', 'ДҗГЈ kбәҝt thГәc', 1, 1, NULL, 0, 10.04530000, 99.99999999, '[\"mssv\",\"full_name\",\"phone\"]', '2026-06-02 01:00:00', NULL, 50, 0, 'once', NULL, 0),
('EVT-26017', 'Tham quan doanh nghiб»Үp phбә§n mб»Ғm', '2026-06-13 07:30:00', '2026-06-22 17:00:00', '', 'Hб»Қc thuбәӯt', '', '', 'ДҗГЈ kбәҝt thГәc', 0, 1, NULL, 0, NULL, NULL, '[\"mssv\",\"phone\",\"chi_doan\"]', '2026-06-04 02:00:00', NULL, 50, 0, 'once', NULL, 0),
('EVT-26018', 'Lб»ӣp tбәӯp huбәҘn Kб»№ nДғng cГЎn bб»ҷ ДҗoГ n - Hб»ҷi', '2026-05-28 08:00:00', '2026-05-29 17:00:00', '', '', '/uploads/tap_huan.png', '', 'ДҗГЈ kбәҝt thГәc', 1, 1, NULL, 0, 10.04530000, 99.99999999, '[\"mssv\", \"chi_doan\"]', '2026-05-10 07:00:00', NULL, 50, 0, 'once', NULL, 0),
('EVT-26019', 'NgГ y hб»ҷi Sinh viГӘn Дҗб»•i mб»ӣi sГЎng tбәЎo', '2026-06-04 08:00:00', '2026-06-04 17:00:00', '', '', '/uploads/startup.jpg', '', 'ДҗГЈ kбәҝt thГәc', 1, 1, NULL, 0, 10.04530000, 99.99999999, '[\"mssv\", \"full_name\"]', '2026-05-20 03:30:00', NULL, 50, 0, 'once', NULL, 0),
('EVT-26020', 'Cuб»ҷc thi Tiбәҝng Anh chuyГӘn ngГ nh CNTT', '2026-06-15 08:00:00', '2026-06-30 11:30:00', '', 'II_1', '', '', 'ДҗГЈ kбәҝt thГәc', 0, 1, NULL, 0, NULL, NULL, '[\"mssv\",\"full_name\",\"checkin_time\",\"method\"]', '2026-06-03 09:00:00', NULL, 50, 0, 'once', NULL, 0);

-- --------------------------------------------------------

--
-- Table structure for table `event_registrations`
--

CREATE TABLE `event_registrations` (
  `id` int(11) NOT NULL,
  `mssv` varchar(20) NOT NULL,
  `event_id` varchar(50) DEFAULT NULL,
  `is_checked_in` tinyint(1) DEFAULT 0,
  `checkin_at` datetime DEFAULT NULL,
  `created_at` timestamp NOT NULL DEFAULT current_timestamp()
) ENGINE=InnoDB DEFAULT CHARSET=utf8mb4 COLLATE=utf8mb4_general_ci;

--
-- Dumping data for table `event_registrations`
--

INSERT INTO `event_registrations` (`id`, `mssv`, `event_id`, `is_checked_in`, `checkin_at`, `created_at`) VALUES
(71, 'HTTT2311052', 'EVT-26020', 1, '2026-06-28 15:02:35', '2026-06-16 12:37:48'),
(72, 'HTTT2311052', 'EVT-26010', 1, '2026-07-01 17:04:31', '2026-06-16 12:51:37'),
(73, 'HTTT2311052', 'EV-4705', 1, '2026-07-01 08:50:46', '2026-06-28 04:39:16'),
(74, 'HTTT2311052', 'EV-1453', 0, NULL, '2026-07-01 01:47:57'),
(75, 'HTTT2311052', 'EV-8540', 1, '2026-07-02 09:09:59', '2026-07-01 02:50:45'),
(76, 'HTTT2311052', 'EV-6161', 0, NULL, '2026-07-01 10:08:49'),
(77, 'HTTT2311052', 'EV-1505', 0, NULL, '2026-07-02 00:43:20'),
(78, 'HTTT2311052', 'EV-3150', 0, NULL, '2026-07-02 01:34:08'),
(79, 'HTTT2311052', 'EV-9330', 1, '2026-07-02 14:56:33', '2026-07-02 07:49:46'),
(80, 'HTTT2311033', 'EV-7659', 0, NULL, '2026-07-03 13:03:08'),
(81, 'HTTT2311033', 'EV-8770', 0, NULL, '2026-07-03 13:03:12'),
(82, 'HTTT2311033', 'EV-2587', 0, NULL, '2026-07-03 13:05:47'),
(83, 'HTTT2311033', 'EV-3825', 0, NULL, '2026-07-03 13:08:59'),
(84, 'HTTT2311033', 'EV-3820', 0, NULL, '2026-07-03 13:09:01'),
(85, 'HTTT2311033', 'EV-2862', 1, '2026-07-04 07:28:59', '2026-07-03 16:42:44'),
(86, 'HTTT2311033', 'EV-8933', 1, '2026-07-03 23:55:58', '2026-07-03 16:44:46'),
(87, 'HTTT2311033', 'EV-9685', 1, '2026-07-04 00:01:15', '2026-07-03 16:58:28'),
(88, 'HTTT2311033', 'EV-8042', 1, '2026-07-04 19:05:01', '2026-07-04 11:54:14'),
(89, 'HTTT2311033', 'EV-3401', 1, '2026-07-04 19:08:54', '2026-07-04 11:55:25'),
(90, 'HTTT2311033', 'EV-6737', 1, '2026-07-04 19:11:08', '2026-07-04 11:57:19'),
(91, 'HTTT2311033', 'EV-4111', 1, '2026-07-04 19:16:59', '2026-07-04 12:13:30'),
(92, 'HTTT2311033', 'EV-3738', 1, '2026-07-04 19:25:52', '2026-07-04 12:23:22'),
(93, 'HTTT2311033', 'EV-9455', 1, '2026-07-04 19:26:22', '2026-07-04 12:23:25'),
(94, 'HTTT2311033', 'EV-4746', 1, '2026-07-04 19:27:20', '2026-07-04 12:23:27'),
(95, 'HTTT2311033', 'EV-9723', 1, '2026-07-05 00:30:19', '2026-07-04 16:33:16'),
(96, 'HTTT2311033', 'EV-9880', 1, '2026-07-05 11:51:50', '2026-07-05 04:48:52'),
(97, 'HTTT2311033', 'EV-8563', 1, '2026-07-05 11:53:16', '2026-07-05 04:50:02'),
(98, 'HTTT2311033', 'EV-9712', 1, '2026-07-05 19:30:39', '2026-07-05 05:00:47'),
(99, 'HTTT2311033', 'EV-2670', 1, '2026-07-05 13:01:14', '2026-07-05 05:16:59'),
(100, 'HTTT2311033', 'EV-4266', 1, '2026-07-05 20:31:24', '2026-07-05 13:30:43'),
(101, 'HTTT2311033', 'EV-2384', 1, '2026-07-05 20:32:15', '2026-07-05 13:30:45'),
(102, 'HTTT2311052', 'EV-4266', 1, '2026-07-05 20:33:46', '2026-07-05 13:33:15'),
(103, 'HTTT2311052', 'EV-7012', 0, NULL, '2026-07-05 13:35:30'),
(104, 'HTTT2311052', 'EV-4695', 1, '2026-07-06 09:00:34', '2026-07-06 02:00:01'),
(105, 'HTTT2311052', 'EV-3827', 1, '2026-07-06 09:10:10', '2026-07-06 02:09:32'),
(106, 'HTTT2311052', 'EV-3657', 1, '2026-07-06 09:21:32', '2026-07-06 02:21:00'),
(107, 'HTTT2311052', 'EV-9200', 1, '2026-07-06 09:33:12', '2026-07-06 02:32:13'),
(108, 'HTTT2311052', 'EV-9111', 1, '2026-07-06 09:51:39', '2026-07-06 02:46:36'),
(109, 'HTTT2311052', 'EV-9043', 1, '2026-07-06 10:02:00', '2026-07-06 03:01:06'),
(110, 'HTTT2311052', 'EV-6927', 1, '2026-07-06 10:51:12', '2026-07-06 03:50:12'),
(111, 'HTTT2311052', 'EV-1789', 1, '2026-07-06 10:53:24', '2026-07-06 03:52:57'),
(112, 'HTTT2311052', 'EV-1822', 1, '2026-07-06 11:00:53', '2026-07-06 04:00:09'),
(113, 'HTTT2311052', 'EV-4436', 1, '2026-07-06 11:12:36', '2026-07-06 04:12:14'),
(114, 'HTTT2311052', 'EV-3685', 1, '2026-07-06 11:29:23', '2026-07-06 04:28:44'),
(115, 'HTTT2311052', 'EV-3067', 1, '2026-07-06 11:34:39', '2026-07-06 04:34:14'),
(116, 'HTTT2311052', 'EV-7387', 1, '2026-07-06 11:37:25', '2026-07-06 04:36:48'),
(117, 'HTTT2311052', 'EV-7085', 1, '2026-07-06 11:47:42', '2026-07-06 04:47:13'),
(118, 'HTTT2311052', 'EV-7968', 1, '2026-07-06 11:52:09', '2026-07-06 04:51:39'),
(119, 'HTTT2311052', 'EV-1115', 1, '2026-07-06 12:04:19', '2026-07-06 05:03:03'),
(120, 'HTTT2311052', 'EV-6962', 1, '2026-07-06 12:08:05', '2026-07-06 05:07:05'),
(121, 'HTTT2311052', 'EV-8254', 1, '2026-07-06 12:15:11', '2026-07-06 05:14:51'),
(126, 'HTTT2311052', 'EV-3126', 1, '2026-07-06 14:57:03', '2026-07-06 07:33:31'),
(127, 'HTTT2311052', 'EV-2221', 1, '2026-07-06 15:15:36', '2026-07-06 07:58:16'),
(128, 'HTTT2311052', 'EV-8438', 1, '2026-07-07 08:09:44', '2026-07-07 01:09:20'),
(129, 'HTTT2311052', 'EV-8613', 1, '2026-07-07 08:18:38', '2026-07-07 01:18:09'),
(130, 'HTTT2311052', 'EV-2855', 1, '2026-07-07 09:11:01', '2026-07-07 02:10:40'),
(131, 'HTTT2311052', 'EV-3969', 1, '2026-07-10 15:03:56', '2026-07-10 08:03:29'),
(132, 'HTTT2311052', 'EV-8044', 1, '2026-07-10 15:05:35', '2026-07-10 08:05:05'),
(133, 'HTTT2311052', 'EV-3140', 1, '2026-07-10 15:08:18', '2026-07-10 08:07:50'),
(134, 'HTTT2311052', 'EV-4264', 1, '2026-07-10 15:17:07', '2026-07-10 08:15:38'),
(135, 'HTTT2311052', 'EV-3985', 1, '2026-07-10 15:22:15', '2026-07-10 08:21:51'),
(136, 'HTTT2311052', 'EV-2508', 1, '2026-07-10 15:37:01', '2026-07-10 08:36:15'),
(137, 'HTTT2311052', 'EV-2370', 1, '2026-07-10 15:39:18', '2026-07-10 08:38:35'),
(138, 'HTTT2311052', 'EV-7170', 1, '2026-07-12 14:26:24', '2026-07-10 08:45:24'),
(139, 'HTTT2311052', 'EV-1933', 1, '2026-07-12 14:31:23', '2026-07-12 07:30:02'),
(141, 'HTTT2311051', 'EV-1933', 1, '2026-07-12 15:09:30', '2026-07-12 08:08:58'),
(145, 'HTTT2311052', 'EV-9808', 1, '2026-07-13 21:52:48', '2026-07-13 14:52:48'),
(146, 'HTTT2311051', 'EV-9808', 1, '2026-07-13 21:59:10', '2026-07-13 14:59:10'),
(147, 'HTTT2311021', 'EV-9808', 1, '2026-07-13 22:00:41', '2026-07-13 15:00:40'),
(148, 'HTTT2311009', 'EV-9808', 1, '2026-07-13 22:07:55', '2026-07-13 15:07:55'),
(149, 'HTTT2311011', 'EV-9808', 1, '2026-07-13 22:09:25', '2026-07-13 15:09:25'),
(150, 'HTTT2311032', 'EV-9808', 1, '2026-07-13 22:12:16', '2026-07-13 15:12:16'),
(151, 'HTTT2311024', 'EV-9808', 1, '2026-07-13 22:21:30', '2026-07-13 15:21:30'),
(152, 'HTTT2311010', 'EV-8258', 1, '2026-07-14 19:19:11', '2026-07-14 12:10:17'),
(153, 'HTTT2311011', 'EV-8258', 1, '2026-07-14 19:17:58', '2026-07-14 12:14:22');

-- --------------------------------------------------------

--
-- Table structure for table `faculties`
--

CREATE TABLE `faculties` (
  `id` int(11) NOT NULL,
  `faculty_code` varchar(20) NOT NULL,
  `faculty_name` varchar(255) NOT NULL,
  `created_at` timestamp NOT NULL DEFAULT current_timestamp()
) ENGINE=InnoDB DEFAULT CHARSET=utf8mb4 COLLATE=utf8mb4_unicode_ci;

--
-- Dumping data for table `faculties`
--

INSERT INTO `faculties` (`id`, `faculty_code`, `faculty_name`, `created_at`) VALUES
(1, 'HTTT', 'Hб»Ү thб»‘ng ThГҙng tin (HTTT)', '2026-07-01 03:52:06'),
(2, 'KTPM', 'Kб»№ thuбәӯt Phбә§n mб»Ғm (KTPM)', '2026-07-01 03:52:06'),
(3, 'KHMT', 'Khoa hб»Қc MГЎy tГӯnh (KHMT)', '2026-07-01 03:52:06'),
(5, 'TTNT', 'TrГӯ tuб»Ү NhГўn tбәЎo (TTNT)', '2026-07-01 04:06:53'),
(6, 'ANMT', 'An toГ n ThГҙng tin (ANMT)', '2026-07-01 04:06:53'),
(7, 'CNTT', 'CГҙng nghб»Ү ThГҙng tin (CNTT)', '2026-07-01 04:06:53');

-- --------------------------------------------------------

--
-- Table structure for table `location_presets`
--

CREATE TABLE `location_presets` (
  `id` int(11) NOT NULL,
  `name` varchar(255) NOT NULL,
  `latitude` decimal(10,8) DEFAULT NULL,
  `longitude` decimal(11,8) DEFAULT NULL,
  `created_at` timestamp NOT NULL DEFAULT current_timestamp()
) ENGINE=InnoDB DEFAULT CHARSET=utf8mb4 COLLATE=utf8mb4_general_ci;

--
-- Dumping data for table `location_presets`
--

INSERT INTO `location_presets` (`id`, `name`, `latitude`, `longitude`, `created_at`) VALUES
(7, 'nha', 10.82200000, 106.62570000, '2026-07-03 13:02:43'),
(8, 'Vб»Ӣ trГӯ mб»ӣi', 16.16670000, 107.83330000, '2026-07-04 11:53:04'),
(9, 'nhГ 1', 10.02106400, 105.73338900, '2026-07-06 01:59:38'),
(10, 'phГІng mГЎy 4', 10.04733600, 105.76733600, '2026-07-10 08:01:46'),
(11, 'nhГ ', 10.02101100, 105.73335000, '2026-07-13 14:51:55');

-- --------------------------------------------------------

--
-- Table structure for table `proofs`
--

CREATE TABLE `proofs` (
  `id` varchar(50) NOT NULL,
  `student_id` int(11) NOT NULL,
  `event_id` varchar(20) NOT NULL,
  `image_url` varchar(255) DEFAULT NULL,
  `image_hash` varchar(64) DEFAULT NULL,
  `ocr_match_percent` float DEFAULT 0,
  `ai_note` text DEFAULT NULL,
  `phash_warning` tinyint(1) DEFAULT 0,
  `status` varchar(20) DEFAULT 'pending',
  `admin_comment` text DEFAULT NULL,
  `created_at` timestamp NOT NULL DEFAULT current_timestamp(),
  `ocr_text` text DEFAULT NULL
) ENGINE=InnoDB DEFAULT CHARSET=utf8mb4 COLLATE=utf8mb4_general_ci;

--
-- Dumping data for table `proofs`
--

INSERT INTO `proofs` (`id`, `student_id`, `event_id`, `image_url`, `image_hash`, `ocr_match_percent`, `ai_note`, `phash_warning`, `status`, `admin_comment`, `created_at`, `ocr_text`) VALUES
('PR_1782900590', 31, 'EV-8540', '/uploads/1782958198734-284992874.png', 'afb93673d10d79b6c046cf4e9439b24cc07389e992c1d207387265bb6da9c78c', 0, NULL, 1, 'approved', '', '2026-07-02 02:09:59', NULL),
('PR_1782978876_476', 31, 'EV-9330', '/uploads/1782978992567-196889888.png', 'afb81ab1c10f6cf6d046cf4a9531b3ccc056cd63e6c9e60d3e30258d69ecdb90', 0, NULL, 1, 'pending', NULL, '2026-07-02 07:56:33', NULL),
('PR_1783097758_176', 54, 'EV-8933', '/uploads/1783097753319-894514544.png', 'ca64cb591d59362666fb68ab5da552a372cb659524963c4631db231a2e56cc5b', 0, NULL, 1, 'approved', '', '2026-07-03 16:55:58', NULL),
('PR_1783098075_762', 54, 'EV-9685', '/uploads/1783098074948-567288886.png', 'd5451e2a6a3868fc60fc68f06bd03fc23f802ecbe83ce83efc3c9d0b97039543', 0, NULL, 0, 'approved', '', '2026-07-03 17:01:15', NULL),
('PR_1783124939_657', 54, 'EV-2862', '/uploads/1783124933206-586401372.png', 'b5594baa4bae4aae4aa66a266aa648a37bb0499349b1f4b243f66e666266b647', 0, NULL, 0, 'rejected', '', '2026-07-04 00:28:59', NULL),
('PR_1783167068_276', 54, 'EV-6737', '/uploads/1783167061626-547189464.jpg', 'eaa0957b859f6b80957868a790db3d21d8764699950ecc1c91e37e262f1b72f1', 0, NULL, 0, 'approved', '', '2026-07-04 12:11:08', NULL),
('PR_1783167404_643', 54, 'EV-4111', '/uploads/1783167403855-420944170.jpg', 'caa185bd3e4c6cf7915515730ec67d5ff550378924ad322bc8a3328c81bbd239', 0, NULL, 0, 'approved', '', '2026-07-04 12:16:44', NULL),
('PR_1783167419_619', 54, 'EV-4111', '/uploads/1783167419484-999227904.png', 'fd347e8d7c16b85b929557b00d24e9a9e696424952e13c76c80f12fc355fb813', 0, NULL, 0, 'approved', '', '2026-07-04 12:16:59', NULL),
('PR_1783167982_891', 54, 'EV-9455', '/uploads/1783167982478-327883009.png', 'af0390cc707ccb3be0b0c86598e467b39a5b338c64843733cccd9b36c36b4cbd', 0, NULL, 0, 'approved', '', '2026-07-04 12:26:22', NULL),
('PR_1783168014_925', 54, 'EV-4746', '/uploads/1783168014010-365281117.jpg', 'ae43c08f916a2f7443ac38830fd890fcf093e52b4e731bd42dee761bd26ce125', 0, NULL, 0, 'approved', '', '2026-07-04 12:26:54', NULL),
('PR_1783168040_0', 54, 'EV-4746', '/uploads/1783168040352-477316474.jpg', '84079e1f63c770f1c13847ef8797d6ef4a39aadf0a33b24d4925283f95174421', 0, NULL, 0, 'approved', '', '2026-07-04 12:27:20', NULL),
('PR_1783182993_543', 54, 'EV-9723', '/uploads/1783182985766-917381877.png', 'd822807ff79da389f7d8a354f7208977c0237cef8817771808a203f677088df6', 0, NULL, 0, 'approved', '', '2026-07-04 16:36:33', NULL),
('PR_1783183198_703', 54, 'EV-9723', '/uploads/1783183197966-532954921.png', 'd822807ff7dda389f7d8a374f7208877c0215caf8817771808a227f677088df6', 0, NULL, 0, 'approved', '', '2026-07-04 16:39:58', NULL),
('PR_1783183227_975', 54, 'EV-9723', '/uploads/1783183226364-343963431.png', 'd822807ff7dda389f7d8a374f7208877c0215caf8817771808a227f677088df6', 0, NULL, 0, 'rejected', '', '2026-07-04 16:40:27', NULL),
('PR_1783183282_215', 54, 'EV-9723', '/uploads/1783183281690-800309351.png', 'ead5c06e85ea8fe0c0ff60be40bf4e8407c0e280a544be043d7f787561f773c6', 0, NULL, 0, 'rejected', '', '2026-07-04 16:41:22', NULL),
('PR_1783183338_138', 54, 'EV-9723', '/uploads/1783183338090-138674360.png', 'd822807ff7dda389f7d8a374f7208877c0215caf8817771808a227f677088df6', 0, NULL, 0, 'rejected', '', '2026-07-04 16:42:18', NULL),
('PR_1783185612_357', 54, 'EV-9723', '/uploads/1783185612284-824974635.png', 'd822807ff7dda389f7d8a374f7208877c0215caf8817771808a227f677088df6', 0, NULL, 0, 'rejected', '', '2026-07-04 17:20:12', NULL),
('PR_1783185958_173', 54, 'EV-9723', '/uploads/1783185957033-673813608.png', 'd822807ff7dda389f7d8a374f7208877c0215caf8817771808a227f677088df6', 0, NULL, 1, 'rejected', '', '2026-07-04 17:25:58', NULL),
('PR_1783186015_601', 54, 'EV-9723', '/uploads/1783186014498-273452493.png', 'd822807ff7dda389f7d8a374f7208877c0215caf8817771808a227f677088df6', 0, NULL, 1, 'rejected', '', '2026-07-04 17:26:55', NULL),
('PR_1783186192_896', 54, 'EV-9723', '/uploads/1783186192227-675786310.png', 'd822807ff7dda389b7d8a374f7208877c0215caf8817775808a227f677088df6', 0, NULL, 1, 'rejected', '', '2026-07-04 17:29:52', NULL),
('PR_1783186219_615', 54, 'EV-9723', '/uploads/1783186218463-797069969.png', '89767c8923d8722368cc0df27c2785d87e27a3dc5c8ca23705eed8832777dd88', 0, NULL, 0, 'rejected', '', '2026-07-04 17:30:19', NULL),
('PR_1783227196_865', 54, 'EV-8563', '/uploads/1783227191026-141030448.png', 'c7a58e0e381b31b3c72cc46c69f3381b963dc5e5c646c796c39398f3902ce78c', 0, NULL, 0, 'approved', '', '2026-07-05 04:53:16', NULL),
('PR_1783227915_632', 54, 'EV-9712', '/uploads/1783227915467-53441717.png', 'e49b318e9b24ce719f249b2664db649bbb8c6c9966db33863666cc719b249b20', 0, NULL, 0, 'approved', '', '2026-07-05 05:05:15', NULL),
('PR_1783228012_758', 54, 'EV-9712', '/uploads/1783228011465-223206828.png', '89767c8923d8722368cc0df27c2785d87e27a3dc5c8ca23705eed8832777dd88', 0, NULL, 0, 'approved', '', '2026-07-05 05:06:52', NULL),
('PR_1783228085_823', 54, 'EV-9712', '/uploads/1783228084439-314159950.png', '9e97a014ede9b836fda8773affc47f5705c113b3428d325ca87689e9301a45c0', 0, NULL, 0, 'approved', '', '2026-07-05 05:08:05', NULL),
('PR_1783228131_994', 54, 'EV-9712', '/uploads/1783228130386-70406266.png', '9e97a014ede9b836fda8773affc47f5705c113b3428d325ca87689e9301a45c0', 0, NULL, 1, 'approved', '', '2026-07-05 05:08:51', NULL),
('PR_1783228228_565', 54, 'EV-9712', '/uploads/1783228228142-556127952.png', '89767c8923d8722368cc0df27c2785d87e27a3dc5c8ca23705eed8832777dd88', 0, NULL, 1, 'approved', '', '2026-07-05 05:10:28', NULL),
('PR_1783228398_263', 54, 'EV-9712', '/uploads/1783228398424-311242499.png', 'd822807ff7dda389b7d8a374f7208877c0215caf8817775808a227f677088df6', 0, NULL, 1, 'approved', '', '2026-07-05 05:13:18', NULL),
('PR_1783228759_30', 54, 'EV-2670', '/uploads/1783228758666-970716671.png', '8abf0eb72f4f85eb855a854f0f9f1e9f8e9504b583e3a52cd303356865a2340c', 0, NULL, 0, 'approved', '', '2026-07-05 05:19:19', NULL),
('PR_1783228784_875', 54, 'EV-2670', '/uploads/1783228783514-92617501.webp', 'cebe1afe2f4f85a5b55dcd5f58b65acac0b5ee8ce161a504f032716960a0f021', 0, NULL, 0, 'rejected', '', '2026-07-05 05:19:44', NULL),
('PR_1783228799_985', 54, 'EV-2670', '/uploads/1783228798838-882993112.webp', 'cebe1afe2f4f85a5b55dcd5f58b65acac0b5ee8ce161a504f032716960a0f021', 0, NULL, 1, 'rejected', '', '2026-07-05 05:19:59', NULL),
('PR_1783228837_450', 54, 'EV-2670', '/uploads/1783228837086-470452714.webp', 'af7e35ee748166010b7a487e1a7e01e835a1f6052ad183c997efdb7f8835c811', 0, NULL, 0, 'rejected', '', '2026-07-05 05:20:37', NULL),
('PR_1783229702_19', 54, 'EV-2670', '/uploads/1783229700139-76304750.jpeg', '87fba7e3f004f00107778b5dda78daaadca56835f85132c025d437e334c36d83', 0, NULL, 0, 'rejected', '', '2026-07-05 05:35:02', NULL),
('PR_1783230795_134', 54, 'EV-2670', '/uploads/1783230795015-839764328.jpeg', '87fba7e3f004f00107778b5dda78daaadca56835f85132c025d437e334c36d83', 0, NULL, 1, 'rejected', '', '2026-07-05 05:53:15', NULL),
('PR_1783230898_926', 54, 'EV-2670', '/uploads/1783230896268-106926314.png', 'b74549bb49bb48a24aaa48a249b268a3499349bbc893b193a3f7b6e4b666b667', 0, 'Thiбәҝu thГҙng tin: MSSV, TГӘn, TГӘn Sб»ұ Kiб»Үn | CбәЈnh bГЎo: KhГҙng giб»‘ng mбә«u hoбәЎt Д‘б»ҷng', 0, 'rejected', '', '2026-07-05 05:54:58', 'file edit insert view... mssv... application programming interface...'),
('PR_1783231274_310', 54, 'EV-2670', '/uploads/1783231273354-647210443.png', 'b35612e8ed1f45946916d2e93a6a10f42d890f32e5856c7392d4f972964dbe53', 0, 'Thiбәҝu thГҙng tin: MSSV, TГӘn, TГӘn Sб»ұ Kiб»Үn | CбәЈnh bГЎo: KhГҙng giб»‘ng mбә«u hoбәЎt Д‘б»ҷng', 0, 'rejected', '', '2026-07-05 06:01:14', 'вӮ¬ cg (0 В© localhost:5196\n\nqe ff В© thВ»\net В® lich hoc, lich thi the... вҖҳ6 drive ctia t6i - goo... \"google antigravity 4& php-myadmin.net /.. if0_41322676 (goldc... вӮ¬) qha1905/goldcinema client id for web a...\n\nВ® get started | gitgua. >В» (В© all bookmarks\n\nthu viГ©n viГ©t sdchmГ©i banchay vanhoc вҖ”kinh tГ©\n\nthigunhi вҖ” gidm gia\n\ntinh hoa van hoc\ntrong tam tay\n\nkham pha kho tang tri thifc vit vai uu dai [an dГ©n 40% cho cac tac\npham kinh diГ©n va hiГ©n dai vitalГ©nkГ©.\n\nkhadm pha ngay xem khuyГ©n mai\n\ndanh muc n6i bat\n\n'),
('PR_1783254639_289', 54, 'EV-9712', '/uploads/1783254633650-490489952.png', 'd822807ff7dda389f7d8a374f7208877c0215caf8817771808a227f677088df6', 0, 'Thiбәҝu thГҙng tin: MSSV, TГӘn, TГӘn Sб»ұ Kiб»Үn | CбәЈnh bГЎo: KhГҙng giб»‘ng mбә«u hoбәЎt Д‘б»ҷng | CбәЈnh bГЎo trГ№ng lбә·p бәЈnh/nб»ҷi dung', 1, 'rejected', '', '2026-07-05 12:30:39', 'trang chu thele kehoach qa\n\nВ» can tho\n\nuy -\n5) hoi dong pho! hop q uat thanh pho can tho\ncuo en\n; 2 8/10 wg\nвҖңtim hieu e thi sinh: nguyen lam quang at bau cu\n\nha\n\ndai bieu quoc hoi reign 7025984 dong nhan danвҖқ\n\nnm ~_\ntren dia ВЈ se ben gen es can tho\n!\n|\n\nthdi gian: tu 00< way 22/12/2025\n\n'),
('PR_1783314485_77', 31, 'EV-6962', '/uploads/1783314485747-747385148.png', 'FACK_HASH', 85, 'Hб»Јp lб»Ү', 0, 'approved', NULL, '2026-07-06 05:08:05', 'TEST'),
('PR_1783320550_847', 31, 'EV-2549', '/uploads/1783320545445-195550178.png', 'N/A', 0, 'Lб»—i kбәҝt nб»‘i mГЎy chб»§ AI - Chuyб»ғn CГЎn bб»ҷ duyб»Үt thб»§ cГҙng', 0, 'approved', '', '2026-07-06 06:49:10', ''),
('PR_1783320919_651', 31, 'EV-5776', '/uploads/1783322720922-49963897.jpg', '85fa6a1f6a952e056e953a416ac43e806b5495286bdb95bbc17995aec07a91fa', 33, 'Thiбәҝu thГҙng tin: MSSV, TГӘn', 0, 'approved', '', '2026-07-06 07:25:21', 'hiбәҝn mГЎu cб»©u ngЖ°б»қi\nmб»ҷt nghД©a cб»ӯ cao Д‘бә№p\n\n1. giбәҘy chб»©ng nhбәӯn nГ y Д‘Ж°б»Јc trao cho ngЖ°б»қi hiбәҝn mГЎu sau\nmб»—i lбә§n hiб»Ғn mГЎu tГ¬nh nguyб»Үn.\n\n2. cГі giГЎ tб»Ӣ Д‘б»ғ Д‘Ж°б»Јc truyб»Ғn mГЎu miб»…n phГӯ bбәұng sб»‘ lЖ°б»Јng\nmau Д‘ГЈ hiГ©n, khi bбәЈn thГўn ngЖ°б»қi hiбәҝn mГЎu cГі nhu cбә§u sб»ӯ dб»Ҙng\nmГЎu tбәЎi tбәҜt cбәЈ cГЎc cЖЎ sб»ҹ y tбәҝ cГҙng lбәӯp trГӘn toГ n quб»‘c.\n\n3. ngЖ°б»қi hiбәҝn mГЎu cбә§n xuбәҘt trГ¬nh giбәҘy chб»©ng nhбәӯn nГ y dГ©\nlГ m cЖЎ sб»ҹ cho cГЎc cЖЎ sб»ҹ y tбәҝ thб»ұc hiб»Үn viб»Үc truyб»Ғn mГЎu miб»…n phi.\n\n4. cЖЎ sб»ҹ y tбәҝ cГі trГЎch nhiб»Үm kГҪ, Д‘Гіng dбәҘu, xГЎc nhбәӯn sб»‘\nlЖ°б»Јng mГЎu Д‘ГЈ truyб»Ғn miб»…n phГӯ cho ngЖ°б»қi hiб»ғn mГЎu vГ o giбәҘy\nchб»©ng nhбәӯn.\n\nchung nhбәӯn cб»§a cЖЎ sб»ҹ y tбәҝ\nД‘ГЈ truyen mau\n\nngГ y........thГЎng,...... nДғm.\nsб»‘ lЖ°б»Јng:\n\ncб»ҷng hoa xГЈ hб»ҷi chб»§ nghД©a viб»Үt nam\nД‘б»ҷc lбәӯp - tб»ұ do - hбәЎnh phГәc\n\ngiбәҘy chб»©ng nhбәӯn\nhiбәҝn mГўu tГ¬nh nguyб»Үn\n\nbcd vбәӯn Д‘б»ҷng biбәҝn mau tб»үnh nguyб»Үn tinh/tp.... cбә©n thЖЎ\nвҖһchб»©ng nhбәӯn:\n\nГҙng/bГ : nguyen dlГәnh, Д‘б»Ӣnh, uth\n\nsinh ngГ y: Д‘б»ҷ s08... jad005.\n\nД‘ГЈ biбәҝn mГЎu tГ¬nh nguyб»Үn .\ntбәЎi cЖЎ sб»ҹ tiбәҝp nhбәӯn mГЎubб»Үnh viб»Үn hh-tm tp.can thЖЎ\n\nГўn ГЎi cб»§a. ГҙnglbГ .\npep\n\n'),
('PR_1783323241_825', 31, 'EV-3126', '/uploads/1783324621928-731125875.jpg', 'd0257f002fd43fa42b521f7c6f5a0ef26b5a07762b6e93f239d890f434a4906c', 100, 'Hб»Јp lб»Ү: TrГ№ng khб»ӣp Danh tГӯnh & Sб»ұ kiб»Үn', 0, 'approved', '', '2026-07-06 07:57:03', 'HIбәҫN MAU Cб»¬U NGЖҜб»ңI\nMб»ҳT NGHДЁA Cб»¬ CAO ДҗбәёP\n\n1. GiбәҘy chб»©ng nhбәӯn nГ y Д‘Ж°б»Јc trao cho ngЖ°б»қi hiб»ғn mГЎu sins\n\nlГўn hiб»…n mГЎu tinh nguyб»Үn.\n\n2. CГі gia trб»Ӣ dГ© Д‘Ж°б»Јc truyб»Ғn mГЎu miб»…n phi bбәұng sd lЖ°б»Јng\nmau Д‘ГЈ hiбәҝn. khi bбәЈn thГўn ngЖ°б»қi hiб»ғn mГЎu cГі nhu cбә§u sб»ӯ dб»Ҙng\nmбә«u tбәЎi tбәҜt cбәЈ cГЎc cЖЎ sб»ҹ y tбәҝ cГҙng lбәӯp trГӘn toГ n quб»‘c.\n\n3. NgЖ°б»қi hiбәҝn mГЎu cГўn xuбәҘt tian GiГўy chб»©ng nhбәӯn nay Д‘б»ғ\n\nm cЖЎ sб»ҹ cho cГЎc cЖЎ sб»ҹ y tбәҝ thб»Ҙc n uyб»…n mГЎu miб»…n phi\n\n4. CЖЎ sб»ҹ y tбәҝ cГі trГЎch nhГ©: g dбәҘu, xГЎc nhбәӯn sб»‘\n\nmau vГ o giбәҘy\nchб»©ng nhбәӯn.\n\nвҖ”б»…eб»…б»Ғб»…б»…вҖ”вҖ”вҖ”вҖ”\n\nCHUNG NHAN CUA CЖ  Sб»һ Y Tбәҫ\nДҗГғ TRUYEN MAU\n\nCONG HOA XГғ Hб»ҳI CHU NGHДЁA VIET NAM\nДҗб»ҷc lбәӯp - Tб»ұ do - HбәЎnh phГәc\n\nGIбәӨY CHб»ЁNG NHбә¬N\nHIбәҫN MГҒU TINH NGUYEN\nBOD vГ  : stp Cбә§n Thб»Ӣ\n\n_ вҖҳaes an:\nГ”ng/Ba.... He tбәҝt du. cnh nn\nSinh ngГ y:. ch. atts\n\nSб»‘ CCCD:..Cf9465(051ГҖ5 |\nДҗб»Ӣa chi:..Aa. #0 gГЎc . Tinh\n\ncбә§n, Gandy\n\nДҗГЈ hiб»ғn ma\nTai cЖЎ Sб»ҹ tiГӘp\nSГҙ lЖ°б»Јng: +\nNgЖ°б»қi bб»Ү\n\noi Ban capa\n\n'),
('PR_1783324725_330', 31, 'EV-2221', '/uploads/1783325733838-290606093.png', 'e7fa331c3b86ccdab805ccfbc165992684f8492784393a076d1c1be23f134eda', 100, 'Hб»Јp lб»Ү: TrГ№ng khб»ӣp Danh tГӯnh & Sб»ұ kiб»Үn', 0, 'approved', NULL, '2026-07-06 08:15:36', 'ГҸ WN\nBAN CHAP HANH DOAN THANH NIГҠN Cб»ҳNG SAN Hб»’ CHГҚ MINH\n\'TRЖҜб»ңNG Дҗбә I Hб»ҢC Kб»ё THUбә¬T - CГ”NG NGHб»Ҷ CAN THЖ \n\nTбә¶NG\n\nГҪ x\nK GIAY KHEN\n\n&\n\nK DOAN KHOA CГ”NG NGHб»Ҷ THONG TIN\n\n& DГ© cГі thГ nh tГӯch xuбәҘt sбәҜc trong cГҙng tГЎc ДҗoГ n vГ  phong trГ o thank niГӘn,\nK nДғm hб»Қc 2025 - 2026\n\n&\n\nCin Ces ngб»Ҙ Tag 6 nДғm 200k\n1 AP HANH DOAN TRЖҜб»ңNG -/_\nNГ  вҖҳTHU вҖ”\n\nSihighll~QDIDTN.DHKTCN\n\nЕЁ\n9000) loo a9]\n90009) CER\n\n'),
('PR_1783390261_386', 31, 'EV-2855', '/uploads/1783390257650-645071206.png', 'afb936f1c14ee936d046cf589431f2ccc076896b864172073a1c25f96de9db0d', 0, 'Hб»Ү thб»‘ng xб»ӯ lГҪ', 0, 'rejected', 'ko thГӯch ', '2026-07-07 02:11:01', ''),
('PR_1783671735_945', 31, 'EV-3985', '/uploads/1783671731026-231813512.png', 'ebedd6db854a7cb4c027cb4a9412b927d01331b9c1e1c9669d44379778b1c2dc', 0, 'Hб»Ү thб»‘ng xб»ӯ lГҪ', 0, 'pending', NULL, '2026-07-10 08:22:15', ''),
('PR_1783672758_971', 31, 'EV-2370', '/uploads/1783672757786-712846619.png', 'ebedd6db854a7cb4c027cb4a9412b927d01331b9c1e1c9669d44379778b1c2dc', 0, 'Hб»Ү thб»‘ng xб»ӯ lГҪ | CбәЈnh bГЎo trГ№ng lбә·p бәЈnh/nб»ҷi dung', 1, 'pending', NULL, '2026-07-10 08:39:18', ''),
('PR_1783840505_657', 31, 'EV-7170', 'KhГҙng cГі бәЈnh', 'N/A', 100, 'Sinh viГӘn Д‘ГЈ nб»ҷp bГ i (File/Link). KhГҙng cГі бәЈnh minh chб»©ng.', 0, 'approved', NULL, '2026-07-12 07:26:24', NULL),
('PR_1784031060_237', 35, 'EV-8258', '/uploads/1784031054764-86174735.png', 'efb11e73c54ce9b6d0420f4e9431f24cc05e0de1c6c9c29d3a3ccd3b2d29cb95', 0, 'Hб»Ү thб»‘ng xб»ӯ lГҪ', 0, 'approved', '', '2026-07-14 12:11:00', NULL),
('PR_1784031071_86', 35, 'EV-8258', '/uploads/1784031070699-377862846.png', 'efb11e73c54ce9b6d0420f4e9431f24cc05e0de1c6c9c29d3a3ccd3b2d29cb95', 0, 'Hб»Ү thб»‘ng xб»ӯ lГҪ | CбәЈnh bГЎo trГ№ng lбә·p бәЈnh', 1, 'approved', '', '2026-07-14 12:11:11', NULL),
('PR_1784031078_556', 35, 'EV-8258', '/uploads/1784031077786-897243568.png', 'efb11e73c54ce9b6d0420f4e9431f24cc05e0de1c6c9c29d3a3ccd3b2d29cb95', 0, 'Hб»Ү thб»‘ng xб»ӯ lГҪ | CбәЈnh bГЎo trГ№ng lбә·p бәЈnh', 1, 'approved', '', '2026-07-14 12:11:18', NULL),
('PR_1784031272_261', 60, 'EV-8258', '/uploads/1784031271637-270306251.png', 'efb11e73c54ce9b6d0420f4e9431f24cc05e0de1c6c9c29d3a3ccd3b2d29cb95', 0, 'Hб»Ү thб»‘ng xб»ӯ lГҪ | CбәЈnh bГЎo trГ№ng lбә·p бәЈnh', 1, 'pending', NULL, '2026-07-14 12:14:32', NULL),
('PR_1784031462_651', 60, 'EV-8258', '/uploads/1784031461060-772512289.jpg', 'afffb70a1af2ec0a350c83ba5ae2b45f6c08b30213e2ced9055ff9064bf0b641', 40, 'Hб»Ү thб»‘ng xб»ӯ lГҪ', 0, 'pending', NULL, '2026-07-14 12:17:42', NULL),
('PR_1784031478_857', 60, 'EV-8258', '/uploads/1784031477286-296481390.jpg', '8fff94283f1dccaa7888b74d6480eb8913ff99bb6880b7675e00cf93f5003862', 40, 'Hб»Ү thб»‘ng xб»ӯ lГҪ', 0, 'pending', NULL, '2026-07-14 12:17:58', NULL),
('PR_1784031533_691', 35, 'EV-8258', '/uploads/1784031532076-861840642.jpg', 'afffb70a1af2ec0a350c83ba5ae2b45f6c08b30213e2ced9055ff9064bf0b641', 40, 'Hб»Ү thб»‘ng xб»ӯ lГҪ | CбәЈnh bГЎo trГ№ng lбә·p бәЈnh', 1, 'pending', NULL, '2026-07-14 12:18:53', NULL),
('PR_1784031551_923', 35, 'EV-8258', '/uploads/1784031550566-704355340.jpg', '8fff94283f1dccaa7888b74d6480eb8913ff99bb6880b7675e00cf93f5003862', 40, 'Hб»Ү thб»‘ng xб»ӯ lГҪ | CбәЈnh bГЎo trГ№ng lбә·p бәЈnh', 1, 'pending', NULL, '2026-07-14 12:19:11', NULL),
('PR_AUTO_1783303234_983', 31, 'EV-4695', 'Check-in trб»ұc tiбәҝp (KhГҙng cбә§n minh chб»©ng)', 'N/A', 100, 'Hб»Ү thб»‘ng tб»ұ Д‘б»ҷng duyб»Үt trб»ұc tiбәҝp qua check-in QR/GPS', 0, 'approved', NULL, '2026-07-06 02:00:34', NULL),
('PR_AUTO_1783303810_308', 31, 'EV-3827', 'Check-in trб»ұc tiбәҝp (KhГҙng cбә§n minh chб»©ng)', 'N/A', 100, 'Hб»Ү thб»‘ng tб»ұ Д‘б»ҷng duyб»Үt trб»ұc tiбәҝp qua check-in QR/GPS', 0, 'approved', NULL, '2026-07-06 02:10:10', NULL),
('PR_AUTO_1783304492_558', 31, 'EV-3657', 'Check-in trб»ұc tiбәҝp (KhГҙng cбә§n minh chб»©ng)', 'N/A', 100, 'Hб»Ү thб»‘ng tб»ұ Д‘б»ҷng duyб»Үt trб»ұc tiбәҝp qua check-in QR/GPS', 0, 'approved', NULL, '2026-07-06 02:21:32', NULL),
('PR_AUTO_1783305192_132', 31, 'EV-9200', 'Check-in trб»ұc tiбәҝp (KhГҙng cбә§n minh chб»©ng)', 'N/A', 100, 'Hб»Ү thб»‘ng tб»ұ Д‘б»ҷng duyб»Үt trб»ұc tiбәҝp qua check-in QR/GPS', 0, 'approved', NULL, '2026-07-06 02:33:12', NULL),
('PR_AUTO_1783306299_979', 31, 'EV-9111', 'Check-in trб»ұc tiбәҝp (KhГҙng cбә§n minh chб»©ng)', 'N/A', 100, 'Hб»Ү thб»‘ng tб»ұ Д‘б»ҷng duyб»Үt trб»ұc tiбәҝp qua check-in QR/GPS', 0, 'approved', NULL, '2026-07-06 02:51:39', NULL),
('PR_AUTO_1783306920_916', 31, 'EV-9043', 'Check-in trб»ұc tiбәҝp (KhГҙng cбә§n minh chб»©ng)', 'N/A', 100, 'Hб»Ү thб»‘ng tб»ұ Д‘б»ҷng duyб»Үt trб»ұc tiбәҝp qua check-in QR/GPS', 0, 'approved', NULL, '2026-07-06 03:02:00', NULL),
('PR_AUTO_1783309872_622', 31, 'EV-6927', 'Check-in trб»ұc tiбәҝp (KhГҙng cбә§n minh chб»©ng)', 'N/A', 100, 'Hб»Ү thб»‘ng tб»ұ Д‘б»ҷng duyб»Үt trб»ұc tiбәҝp qua check-in QR/GPS', 0, 'approved', NULL, '2026-07-06 03:51:12', NULL),
('PR_AUTO_1783310004_239', 31, 'EV-1789', 'Check-in trб»ұc tiбәҝp (KhГҙng cбә§n minh chб»©ng)', 'N/A', 100, 'Hб»Ү thб»‘ng tб»ұ Д‘б»ҷng duyб»Үt trб»ұc tiбәҝp qua check-in QR/GPS', 0, 'approved', NULL, '2026-07-06 03:53:24', NULL),
('PR_AUTO_1783310453_542', 31, 'EV-1822', 'Check-in trб»ұc tiбәҝp (KhГҙng cбә§n minh chб»©ng)', 'N/A', 100, 'Hб»Ү thб»‘ng tб»ұ Д‘б»ҷng duyб»Үt trб»ұc tiбәҝp qua check-in QR/GPS', 0, 'approved', NULL, '2026-07-06 04:00:53', NULL),
('PR_AUTO_1783311156_3', 31, 'EV-4436', 'Check-in trб»ұc tiбәҝp (KhГҙng cбә§n minh chб»©ng)', 'N/A', 100, 'Hб»Ү thб»‘ng tб»ұ Д‘б»ҷng duyб»Үt trб»ұc tiбәҝp qua check-in QR/GPS', 0, 'approved', NULL, '2026-07-06 04:12:36', NULL),
('PR_AUTO_1783312645_445', 31, 'EV-7387', 'Check-in trб»ұc tiбәҝp (KhГҙng cбә§n minh chб»©ng)', 'N/A', 100, 'Hб»Ү thб»‘ng tб»ұ Д‘б»ҷng duyб»Үt trб»ұc tiбәҝp qua check-in QR/GPS', 0, 'approved', NULL, '2026-07-06 04:37:25', NULL),
('PR_AUTO_1783313262_941', 31, 'EV-7085', 'Check-in trб»ұc tiбәҝp (KhГҙng cбә§n minh chб»©ng)', 'N/A', 100, 'Hб»Ү thб»‘ng tб»ұ Д‘б»ҷng duyб»Үt trб»ұc tiбәҝp qua check-in QR/GPS', 0, 'approved', NULL, '2026-07-06 04:47:42', NULL),
('PR_AUTO_1783313529_774', 31, 'EV-7968', 'Check-in trб»ұc tiбәҝp (KhГҙng cбә§n minh chб»©ng)', 'N/A', 100, 'Hб»Ү thб»‘ng tб»ұ Д‘б»ҷng duyб»Үt trб»ұc tiбәҝp qua check-in QR/GPS', 0, 'approved', NULL, '2026-07-06 04:52:09', NULL),
('PR_AUTO_1783314247_377', 31, 'EV-1115', '/uploads/1783314259956-841318879.png', 'FACK_HASH', 85, 'Hб»Јp lб»Ү', 0, 'approved', NULL, '2026-07-06 05:04:19', 'TEST'),
('PR_AUTO_1783314911_69', 31, 'EV-8254', 'Check-in trб»ұc tiбәҝp (KhГҙng cбә§n minh chб»©ng)', 'N/A', 100, 'Hб»Ү thб»‘ng tб»ұ Д‘б»ҷng duyб»Үt trб»ұc tiбәҝp qua check-in QR/GPS', 0, 'approved', NULL, '2026-07-06 05:15:11', NULL),
('PR_AUTO_1783315672_733', 31, 'EV-9672', 'Check-in trб»ұc tiбәҝp (KhГҙng cбә§n minh chб»©ng)', 'N/A', 100, 'Hб»Ү thб»‘ng tб»ұ Д‘б»ҷng duyб»Үt trб»ұc tiбәҝp qua check-in QR/GPS', 0, 'approved', NULL, '2026-07-06 05:27:52', NULL),
('PR_AUTO_1783315748_555', 31, 'EV-1044', 'Check-in trб»ұc tiбәҝp (KhГҙng cбә§n minh chб»©ng)', 'N/A', 100, 'Hб»Ү thб»‘ng tб»ұ Д‘б»ҷng duyб»Үt trб»ұc tiбәҝp qua check-in QR/GPS', 0, 'approved', NULL, '2026-07-06 05:29:08', NULL),
('PR_AUTO_1783386584_119', 31, 'EV-8438', 'Check-in trб»ұc tiбәҝp (KhГҙng cбә§n minh chб»©ng)', 'N/A', 100, 'Hб»Ү thб»‘ng tб»ұ Д‘б»ҷng duyб»Үt trб»ұc tiбәҝp qua check-in QR/GPS', 0, 'approved', NULL, '2026-07-07 01:09:44', NULL),
('PR_AUTO_1783387118_33', 31, 'EV-8613', 'Check-in trб»ұc tiбәҝp (KhГҙng cбә§n minh chб»©ng)', 'N/A', 100, 'Hб»Ү thб»‘ng tб»ұ Д‘б»ҷng duyб»Үt trб»ұc tiбәҝp qua check-in QR/GPS', 0, 'approved', NULL, '2026-07-07 01:18:38', NULL),
('PR_AUTO_1783670636_19', 31, 'EV-3969', 'Check-in trб»ұc tiбәҝp (KhГҙng cбә§n minh chб»©ng)', 'N/A', 100, 'Hб»Ү thб»‘ng tб»ұ Д‘б»ҷng duyб»Үt trб»ұc tiбәҝp qua check-in QR/GPS', 0, 'approved', NULL, '2026-07-10 08:03:56', NULL),
('PR_AUTO_1783670735_282', 31, 'EV-8044', 'Check-in trб»ұc tiбәҝp (KhГҙng cбә§n minh chб»©ng)', 'N/A', 100, 'Hб»Ү thб»‘ng tб»ұ Д‘б»ҷng duyб»Үt trб»ұc tiбәҝp qua check-in QR/GPS', 0, 'approved', NULL, '2026-07-10 08:05:35', NULL),
('PR_AUTO_1783670898_267', 31, 'EV-3140', 'Check-in trб»ұc tiбәҝp (KhГҙng cбә§n minh chб»©ng)', 'N/A', 100, 'Hб»Ү thб»‘ng tб»ұ Д‘б»ҷng duyб»Үt trб»ұc tiбәҝp qua check-in QR/GPS', 0, 'approved', NULL, '2026-07-10 08:08:18', NULL),
('PR_AUTO_1783671427_438', 31, 'EV-4264', 'Check-in trб»ұc tiбәҝp (KhГҙng cбә§n minh chб»©ng)', 'N/A', 100, 'Hб»Ү thб»‘ng tб»ұ Д‘б»ҷng duyб»Үt trб»ұc tiбәҝp qua check-in QR/GPS', 0, 'approved', NULL, '2026-07-10 08:17:07', NULL),
('PR_AUTO_1783672621_900', 31, 'EV-2508', 'Check-in trб»ұc tiбәҝp (KhГҙng cбә§n minh chб»©ng)', 'N/A', 100, 'Hб»Ү thб»‘ng tб»ұ Д‘б»ҷng duyб»Үt trб»ұc tiбәҝp qua check-in QR/GPS', 0, 'approved', NULL, '2026-07-10 08:37:01', NULL),
('PR_AUTO_1783841483_99', 31, 'EV-1933', 'Check-in trб»ұc tiбәҝp (KhГҙng cбә§n minh chб»©ng)', 'N/A', 100, 'Hб»Ү thб»‘ng tб»ұ Д‘б»ҷng duyб»Үt trб»ұc tiбәҝp qua check-in QR/GPS', 0, 'approved', NULL, '2026-07-12 07:31:23', NULL),
('PR_AUTO_1783843770_358', 50, 'EV-1933', 'Check-in trб»ұc tiбәҝp (KhГҙng cбә§n minh chб»©ng)', 'N/A', 100, 'Hб»Ү thб»‘ng tб»ұ Д‘б»ҷng duyб»Үt trб»ұc tiбәҝp qua check-in QR/GPS', 0, 'approved', NULL, '2026-07-12 08:09:30', NULL),
('PR_AUTO_1783954368_275', 31, 'EV-9808', 'Check-in trб»ұc tiбәҝp (KhГҙng cбә§n minh chб»©ng)', 'N/A', 100, 'Hб»Ү thб»‘ng tб»ұ Д‘б»ҷng duyб»Үt trб»ұc tiбәҝp qua check-in QR/GPS', 0, 'approved', NULL, '2026-07-13 14:52:48', NULL),
('PR_AUTO_1783954750_443', 50, 'EV-9808', 'Check-in trб»ұc tiбәҝp (KhГҙng cбә§n minh chб»©ng)', 'N/A', 100, 'Hб»Ү thб»‘ng tб»ұ Д‘б»ҷng duyб»Үt trб»ұc tiбәҝp qua check-in QR/GPS', 0, 'approved', NULL, '2026-07-13 14:59:10', NULL),
('PR_AUTO_1783954841_739', 63, 'EV-9808', 'Check-in trб»ұc tiбәҝp (KhГҙng cбә§n minh chб»©ng)', 'N/A', 100, 'Hб»Ү thб»‘ng tб»ұ Д‘б»ҷng duyб»Үt trб»ұc tiбәҝp qua check-in QR/GPS', 0, 'approved', NULL, '2026-07-13 15:00:41', NULL),
('PR_AUTO_1783955275_417', 70, 'EV-9808', 'Check-in trб»ұc tiбәҝp (KhГҙng cбә§n minh chб»©ng)', 'N/A', 100, 'Hб»Ү thб»‘ng tб»ұ Д‘б»ҷng duyб»Үt trб»ұc tiбәҝp qua check-in QR/GPS', 0, 'approved', NULL, '2026-07-13 15:07:55', NULL),
('PR_AUTO_1783955365_649', 60, 'EV-9808', 'Check-in trб»ұc tiбәҝp (KhГҙng cбә§n minh chб»©ng)', 'N/A', 100, 'Hб»Ү thб»‘ng tб»ұ Д‘б»ҷng duyб»Үt trб»ұc tiбәҝp qua check-in QR/GPS', 0, 'approved', NULL, '2026-07-13 15:09:25', NULL),
('PR_AUTO_1783955536_866', 42, 'EV-9808', 'Check-in trб»ұc tiбәҝp (KhГҙng cбә§n minh chб»©ng)', 'N/A', 100, 'Hб»Ү thб»‘ng tб»ұ Д‘б»ҷng duyб»Үt trб»ұc tiбәҝp qua check-in QR/GPS', 0, 'approved', NULL, '2026-07-13 15:12:16', NULL),
('PR_AUTO_1783956090_963', 47, 'EV-9808', 'Check-in trб»ұc tiбәҝp (KhГҙng cбә§n minh chб»©ng)', 'N/A', 100, 'Hб»Ү thб»‘ng tб»ұ Д‘б»ҷng duyб»Үt trб»ұc tiбәҝp qua check-in QR/GPS', 0, 'approved', NULL, '2026-07-13 15:21:30', NULL);

--
-- Triggers `proofs`
--
DELIMITER $$
CREATE TRIGGER `trg_proof_approved_insert` AFTER INSERT ON `proofs` FOR EACH ROW BEGIN
    DECLARE v_mssv VARCHAR(20);
    DECLARE v_points INT;
    DECLARE v_category VARCHAR(100);
    DECLARE v_criteria_id INT;
    DECLARE v_max_points INT;

    IF NEW.status = 'approved' THEN
        SELECT mssv INTO v_mssv FROM users WHERE id = NEW.student_id LIMIT 1;
        SELECT points, category INTO v_points, v_category FROM events WHERE id = NEW.event_id LIMIT 1;
        SELECT id, max_points INTO v_criteria_id, v_max_points FROM criteria WHERE title = v_category LIMIT 1;
        
        IF v_criteria_id IS NOT NULL THEN
            IF EXISTS (SELECT 1 FROM student_criteria_points WHERE mssv = v_mssv AND criteria_id = v_criteria_id) THEN
                UPDATE student_criteria_points 
                SET current_points = LEAST(current_points + v_points, v_max_points)
                WHERE mssv = v_mssv AND criteria_id = v_criteria_id;
            ELSE
                INSERT INTO student_criteria_points (mssv, criteria_id, current_points) 
                VALUES (v_mssv, v_criteria_id, LEAST(v_points, v_max_points));
            END IF;
            
            UPDATE users SET point_wallet = point_wallet + v_points WHERE id = NEW.student_id;
        END IF;
    END IF;
END
$$
DELIMITER ;
DELIMITER $$
CREATE TRIGGER `trg_proof_approved_update` AFTER UPDATE ON `proofs` FOR EACH ROW BEGIN
    DECLARE v_mssv VARCHAR(20);
    DECLARE v_points INT;
    DECLARE v_criteria_id INT;
    DECLARE v_max_points INT;
    DECLARE v_current_points INT DEFAULT NULL;
    DECLARE v_actual_diff INT DEFAULT 0;

    -- TH1: DUYб»ҶT MINH CHб»ЁNG
    IF NEW.status = 'approved' AND OLD.status != 'approved' THEN
        SELECT u.mssv, e.points, c.id, c.max_points 
        INTO v_mssv, v_points, v_criteria_id, v_max_points
        FROM events e
        JOIN criteria c ON c.title = e.category
        JOIN users u ON u.id = NEW.student_id
        WHERE e.id = NEW.event_id LIMIT 1;
        
        IF v_criteria_id IS NOT NULL THEN
            SELECT current_points INTO v_current_points 
            FROM student_criteria_points WHERE mssv = v_mssv AND criteria_id = v_criteria_id LIMIT 1;
            
            IF v_current_points IS NOT NULL THEN
                -- TГӯnh sб»‘ Д‘iб»ғm thб»ұc tбәҝ Д‘Ж°б»Јc phГ©p cб»ҷng (khГҙng vЖ°б»Јt max)
                SET v_actual_diff = LEAST(v_current_points + v_points, v_max_points) - v_current_points;
                IF v_actual_diff > 0 THEN
                    UPDATE student_criteria_points SET current_points = current_points + v_actual_diff WHERE mssv = v_mssv AND criteria_id = v_criteria_id;
                    UPDATE users SET point_wallet = point_wallet + v_actual_diff WHERE id = NEW.student_id;
                END IF;
            ELSE
                SET v_actual_diff = LEAST(v_points, v_max_points);
                INSERT INTO student_criteria_points (mssv, criteria_id, current_points) VALUES (v_mssv, v_criteria_id, v_actual_diff);
                UPDATE users SET point_wallet = point_wallet + v_actual_diff WHERE id = NEW.student_id;
            END IF;
        END IF;
    END IF;
    
    -- TH2: Hб»ҰY DUYб»ҶT MINH CHб»ЁNG
    IF OLD.status = 'approved' AND NEW.status != 'approved' THEN
        SELECT u.mssv, e.points, c.id 
        INTO v_mssv, v_points, v_criteria_id
        FROM events e
        JOIN criteria c ON c.title = e.category
        JOIN users u ON u.id = NEW.student_id
        WHERE e.id = NEW.event_id LIMIT 1;
        
        IF v_criteria_id IS NOT NULL THEN
            SELECT current_points INTO v_current_points 
            FROM student_criteria_points WHERE mssv = v_mssv AND criteria_id = v_criteria_id LIMIT 1;
            
            IF v_current_points IS NOT NULL THEN
                -- TГӯnh sб»‘ Д‘iб»ғm thб»ұc tбәҝ cбә§n trб»«
                SET v_actual_diff = v_current_points - GREATEST(v_current_points - v_points, 0);
                IF v_actual_diff > 0 THEN
                    UPDATE student_criteria_points SET current_points = current_points - v_actual_diff WHERE mssv = v_mssv AND criteria_id = v_criteria_id;
                    UPDATE users SET point_wallet = point_wallet - v_actual_diff WHERE id = NEW.student_id;
                END IF;
            END IF;
        END IF;
    END IF;
END
$$
DELIMITER ;

-- --------------------------------------------------------

--
-- Table structure for table `student_criteria_points`
--

CREATE TABLE `student_criteria_points` (
  `id` int(11) NOT NULL,
  `mssv` varchar(20) NOT NULL,
  `criteria_id` int(11) NOT NULL,
  `current_points` int(11) DEFAULT 0,
  `updated_at` timestamp NOT NULL DEFAULT current_timestamp() ON UPDATE current_timestamp()
) ENGINE=InnoDB DEFAULT CHARSET=utf8mb4 COLLATE=utf8mb4_general_ci;

--
-- Dumping data for table `student_criteria_points`
--

INSERT INTO `student_criteria_points` (`id`, `mssv`, `criteria_id`, `current_points`, `updated_at`) VALUES
(12, 'HTTT2311052', 5, 3, '2026-07-06 05:29:08'),
(14, 'HTTT2311052', 4, 20, '2026-07-07 01:09:44'),
(19, 'HTTT2311052', 1, 8, '2026-07-13 14:52:48'),
(20, 'HTTT2311052', 2, 5, '2026-07-12 07:31:23'),
(21, 'HTTT2311052', 3, 2, '2026-07-10 08:05:35'),
(33, 'HTTT2311051', 2, 3, '2026-07-12 08:09:30'),
(34, 'HTTT2311033', 1, 7, '2026-07-13 14:25:40'),
(37, 'HTTT2311033', 3, 1, '2026-07-13 14:25:36'),
(43, 'HTTT2311051', 1, 3, '2026-07-13 14:59:10'),
(44, 'HTTT2311021', 1, 3, '2026-07-13 15:00:41'),
(45, 'HTTT2311009', 1, 3, '2026-07-13 15:07:55'),
(46, 'HTTT2311011', 1, 3, '2026-07-13 15:09:25'),
(47, 'HTTT2311032', 1, 3, '2026-07-13 15:12:16'),
(48, 'HTTT2311024', 1, 3, '2026-07-13 15:21:30'),
(49, 'HTTT2311010', 1, 9, '2026-07-14 12:12:55');

-- --------------------------------------------------------

--
-- Table structure for table `system_settings`
--

CREATE TABLE `system_settings` (
  `id` int(11) NOT NULL,
  `auto_approve` tinyint(1) DEFAULT 1 COMMENT '1: Bбәӯt AI tб»ұ duyб»Үt, 0: TбәҜt AI',
  `ocr_threshold` int(11) DEFAULT 66 COMMENT 'NgЖ°б»Ўng khб»ӣp chб»Ҝ tб»‘i thiб»ғu (%)',
  `hamming_distance` int(11) DEFAULT 10 COMMENT 'KhoбәЈng cГЎch Hamming chб»‘ng trГ№ng бәЈnh',
  `context_points` int(11) DEFAULT 30 COMMENT 'NgЖ°б»Ўng lб»Қc бәЈnh bб»‘i cбәЈnh',
  `updated_at` timestamp NOT NULL DEFAULT current_timestamp() ON UPDATE current_timestamp()
) ENGINE=InnoDB DEFAULT CHARSET=utf8mb4 COLLATE=utf8mb4_unicode_ci;

--
-- Dumping data for table `system_settings`
--

INSERT INTO `system_settings` (`id`, `auto_approve`, `ocr_threshold`, `hamming_distance`, `context_points`, `updated_at`) VALUES
(1, 1, 66, 8, 60, '2026-07-07 01:02:18');

-- --------------------------------------------------------

--
-- Table structure for table `users`
--

CREATE TABLE `users` (
  `id` int(11) NOT NULL,
  `mssv` varchar(20) NOT NULL,
  `full_name` varchar(100) NOT NULL,
  `email` varchar(100) NOT NULL,
  `avatar` varchar(500) DEFAULT NULL,
  `password` varchar(255) DEFAULT NULL,
  `role` enum('classCommittee','student','teacher','admin') DEFAULT 'student',
  `is_locked` tinyint(1) NOT NULL DEFAULT 0,
  `faculty` varchar(100) DEFAULT NULL,
  `point_wallet` int(11) DEFAULT 0,
  `created_at` timestamp NOT NULL DEFAULT current_timestamp(),
  `phone` varchar(20) DEFAULT NULL,
  `chi_doan` varchar(100) DEFAULT NULL,
  `cohort` varchar(50) DEFAULT NULL
) ENGINE=InnoDB DEFAULT CHARSET=utf8mb4 COLLATE=utf8mb4_general_ci;

--
-- Dumping data for table `users`
--

INSERT INTO `users` (`id`, `mssv`, `full_name`, `email`, `avatar`, `password`, `role`, `is_locked`, `faculty`, `point_wallet`, `created_at`, `phone`, `chi_doan`, `cohort`) VALUES
(3, 'HTTT2311017', 'LЖ°u Nhбәӯt ДҗГҙng', 'lndonghttt2311017@student.ctuet.edu.vn\n', '/uploads/1782221215140-666932524.png', '123456', 'admin', 0, 'Hб»Ү thб»‘ng ThГҙng tin', 120, '2025-10-15 01:10:00', '0923456789', 'HTTT KhГіa 2023', NULL),
(31, 'HTTT2311052', 'Nguyб»…n Minh Anh TuбәҘn', 'nmatuanhttt2311052@student.ctuet.edu.vn', 'uploads/avatars/21578cef8b79596cca2975af69d0c745.jpg', '$2b$10$VtrGELplYTptVs2Mu7E9cuk3d4YUSd4EyZeZ34y4qpMbc/P7rq7ce', 'admin', 0, 'Hб»Ү thб»‘ng ThГҙng tin', 38, '2026-06-09 17:13:52', '01010101', 'HTTT2311', NULL),
(32, 'HTTT2311043', 'Nguyб»…n Anh Kiб»Үt', 'nakiethttt2311043@student.ctuet.edu.vn', NULL, '123456', 'student', 0, 'Hб»Ү thб»‘ng ThГҙng tin', 0, '2026-06-23 13:20:28', NULL, 'HTTT KhГіa 2023', NULL),
(33, 'HTTT2311014', 'BГ№i ThГ nh Long', 'btlonghttt2311014@student.ctuet.edu.vn', NULL, '123456', 'student', 0, 'Hб»Ү thб»‘ng ThГҙng tin', 0, '2026-06-23 13:20:28', NULL, 'HTTT KhГіa 2023', NULL),
(34, 'HTTT2311053', 'Trбә§n Thб»Ӣ Ngб»Қc Mб»№', 'tranthingocmy92nd@gmail.com', NULL, '123456', 'student', 0, 'Hб»Ү thб»‘ng ThГҙng tin', 0, '2026-06-23 13:20:28', NULL, 'HTTT KhГіa 2023', NULL),
(35, 'HTTT2311010', 'Hб»“ Minh Thiб»Үn', 'thienvcf@gmail.com', NULL, '123456', 'student', 0, 'Hб»Ү thб»‘ng ThГҙng tin', 9, '2026-06-23 13:20:28', NULL, 'HTTT KhГіa 2023', NULL),
(36, 'HTTT2311042', 'Huб»іnh NguyГӘn ToГ n', 'hntoanhttt2311042@student.ctuet.edu.vn', NULL, '123456', 'student', 0, 'Hб»Ү thб»‘ng ThГҙng tin', 0, '2026-06-23 13:20:28', NULL, 'HTTT KhГіa 2023', NULL),
(37, 'HTTT2311004', 'Nguyб»…n Дҗб»©c LЖ°ЖЎng', 'ndluonghttt2311004@student.ctuet.edu.vn', NULL, '123456', 'student', 0, 'Hб»Ү thб»‘ng ThГҙng tin', 0, '2026-06-23 13:20:28', NULL, 'HTTT KhГіa 2023', NULL),
(38, 'HTTT2311019', 'QuГЎch ThГ nh Danh', 'mrthanhdanh2005@gmail.com', NULL, '123456', 'student', 0, 'Hб»Ү thб»‘ng ThГҙng tin', 0, '2026-06-23 13:20:28', NULL, 'HTTT KhГіa 2023', NULL),
(39, 'HTTT2311054', 'Дҗб»— Quб»‘c ДҗбәЎt', 'doquocdatmxst@gmail.com', NULL, '123456', 'student', 0, 'Hб»Ү thб»‘ng ThГҙng tin', 0, '2026-06-23 13:20:28', NULL, 'HTTT KhГіa 2023', NULL),
(40, 'HTTT2311047', 'Дҗinh Thб»Ӣ Thu CГәc', 'dttcuchttt2311047@student.ctuet.edu.vn', NULL, '123456', 'student', 0, 'Hб»Ү thб»‘ng ThГҙng tin', 0, '2026-06-23 13:20:28', NULL, 'HTTT KhГіa 2023', NULL),
(41, 'HTTT2311007', 'NgГҙ Thб»Ӣ Anh ThЖ°', 'ngothianhthu2005ck@gmail.com', NULL, '123456', 'student', 0, 'Hб»Ү thб»‘ng ThГҙng tin', 0, '2026-06-23 13:20:28', NULL, 'HTTT KhГіa 2023', NULL),
(42, 'HTTT2311032', 'Liб»…u Hiбәҝu Nhi', 'lhnhihttt2311032@student.ctuet.edu.vn', NULL, '123456', 'student', 0, 'Hб»Ү thб»‘ng ThГҙng tin', 3, '2026-06-23 13:20:28', NULL, 'HTTT KhГіa 2023', NULL),
(43, 'HTTT2311013', 'Nguyб»…n Trбә§n An Khang', 'ntakhanghttt2311013@student.ctuet.edu.vn', NULL, '123456', 'student', 0, 'Hб»Ү thб»‘ng ThГҙng tin', 0, '2026-06-23 13:20:28', NULL, 'HTTT KhГіa 2023', NULL),
(44, 'HTTT2311038', 'Trбә§n Thanh HЖ°ЖЎng', 'tranthanhhuong07102005@gmail.com', NULL, '123456', 'student', 0, 'Hб»Ү thб»‘ng ThГҙng tin', 0, '2026-06-23 13:20:28', NULL, 'HTTT KhГіa 2023', NULL),
(45, 'HTTT2311055', 'Nguyб»…n Trung Hбәӯu', 'nthauhttt2311055@student.ctuet.edu.vn', NULL, '123456', 'student', 0, 'Hб»Ү thб»‘ng ThГҙng tin', 0, '2026-06-23 13:20:28', NULL, 'HTTT KhГіa 2023', NULL),
(46, 'HTTT2311026', 'Дҗб»— Nguyб»…n Minh ThЖ°', 'donguyenminhthutt2021@gmail.com', NULL, '123456', 'student', 0, 'Hб»Ү thб»‘ng ThГҙng tin', 0, '2026-06-23 13:20:28', NULL, 'HTTT KhГіa 2023', NULL),
(47, 'HTTT2311024', 'Nguyб»…n VЕ© Khang', 'nvkhanghttt2311024@student.ctuet.edu.vn', NULL, '123456', 'student', 0, 'Hб»Ү thб»‘ng ThГҙng tin', 3, '2026-06-23 13:20:28', NULL, 'HTTT KhГіa 2023', NULL),
(48, 'HTTT2311022', 'Nguyб»…n Thб»Ӣ ThГ№y Trang', 'ntttranghttt2311022@student.ctuet.edu.vn', NULL, '123456', 'student', 0, 'Hб»Ү thб»‘ng ThГҙng tin', 0, '2026-06-23 13:20:28', NULL, 'HTTT KhГіa 2023', NULL),
(49, 'HTTT2311016', 'Doan Thanh Long', 'doanthanhl399@gmail.com', NULL, '123456', 'student', 0, 'Hб»Ү thб»‘ng ThГҙng tin', 0, '2026-06-23 13:20:28', NULL, 'HTTT KhГіa 2023', NULL),
(50, 'HTTT2311051', 'Trбә§n Quб»іnh Mai', 'trankhanh300781@gmail.com', NULL, '123456', 'student', 0, 'Hб»Ү thб»‘ng ThГҙng tin', 6, '2026-06-23 13:20:28', NULL, 'HTTT KhГіa 2023', NULL),
(51, 'HTTT2311046', 'Trбә§n ThiГӘn PhГә', 'ttphuhttt2311046@student.ctuet.edu.vn', NULL, '123456', 'student', 0, 'Hб»Ү thб»‘ng ThГҙng tin', 0, '2026-06-23 13:20:28', NULL, 'HTTT KhГіa 2023', NULL),
(52, 'HTTT2311008', 'LГӘ Hб»“ Quang ThГҙng', 'lhqthonghttt2311008@student.ctuet.edu.vn', NULL, '123456', 'student', 0, 'Hб»Ү thб»‘ng ThГҙng tin', 0, '2026-06-23 13:20:28', NULL, 'HTTT KhГіa 2023', NULL),
(53, 'HTTT2311018', 'Phan Дҗбә·ng Дҗб»©c NguyГӘn', 'ducnguyen612005@gmail.com', NULL, '123456', 'student', 0, 'Hб»Ү thб»‘ng ThГҙng tin', 0, '2026-06-23 13:20:28', NULL, 'HTTT KhГіa 2023', NULL),
(54, 'HTTT2311033', 'Nguyб»…n LГўm Quang HГ ', 'nlqhahttt2311033@student.ctuet.edu.vn', 'https://lh3.googleusercontent.com/a/ACg8ocLEsnrqnM9eCKREh59ygiiuRtGM7Ge9WDI9MIGKCTnv5q5knA=s96-c', '123456', 'student', 0, 'Hб»Ү thб»‘ng ThГҙng tin', 8, '2026-06-23 13:20:28', NULL, 'HTTT KhГіa 2023', NULL),
(55, 'HTTT2311049', 'Nguyб»…n Ngб»Қc Nhi', 'nnnhihttt2311049@student.ctuet.edu.vn', NULL, '123456', 'student', 0, 'Hб»Ү thб»‘ng ThГҙng tin', 0, '2026-06-23 13:20:28', NULL, 'HTTT KhГіa 2023', NULL),
(56, 'HTTT2311036', 'Nguyб»…n Hб»Ҝu HГ o', 'nhhaohttt2311036@student.ctuet.edu.vn', NULL, '123456', 'student', 0, 'Hб»Ү thб»‘ng ThГҙng tin', 0, '2026-06-23 13:20:28', NULL, 'HTTT KhГіa 2023', NULL),
(57, 'HTTT2311048', 'Nguyб»…n Thб»Ӣ Cбә©m TiГӘn', 'tiennguyenthicam1905@gmail.com', NULL, '123456', 'student', 0, 'Hб»Ү thб»‘ng ThГҙng tin', 0, '2026-06-23 13:20:28', NULL, 'HTTT KhГіa 2023', NULL),
(58, 'HTTT2311029', 'VГө Quб»‘c Vinh', 'vqvinhhttt2311029@student.ctuet.edu.vn', NULL, '123456', 'student', 0, 'Hб»Ү thб»‘ng ThГҙng tin', 0, '2026-06-23 13:20:28', NULL, 'HTTT KhГіa 2023', NULL),
(59, 'HTTT2311057', 'PhбәЎm ThГәy Huб»іnh', 'phamthuyhuynh0101.st@gmail.com', NULL, '123456', 'student', 0, 'Hб»Ү thб»‘ng ThГҙng tin', 0, '2026-06-23 13:20:28', NULL, 'HTTT KhГіa 2023', NULL),
(60, 'HTTT2311011', 'Phan Trбә§n Minh KhuГӘ', 'minhkhuephantran65@gmail.com', NULL, '123456', 'student', 0, 'Hб»Ү thб»‘ng ThГҙng tin', 3, '2026-06-23 13:20:28', NULL, 'HTTT KhГіa 2023', NULL),
(61, 'HTTT2311020', 'NGUYб»„N Дҗбә¬U TUб»Ҷ KHЖҜЖ NG', 'nguyendautuekhuongln@gmail.com', NULL, '123456', 'student', 0, 'Hб»Ү thб»‘ng ThГҙng tin', 0, '2026-06-23 13:20:28', NULL, 'HTTT KhГіa 2023', NULL),
(62, 'HTTT2311037', 'Nguyб»…n Trбә§n Duy Khang', 'ntdkhanghttt2311037@student.ctuet.edu.vn', NULL, '123456', 'student', 0, 'Hб»Ү thб»‘ng ThГҙng tin', 0, '2026-06-23 13:20:28', NULL, 'HTTT KhГіa 2023', NULL),
(63, 'HTTT2311021', 'Huб»іnh Nguyб»…n XuГўn Thi', 'xuanthi2020cm@gmail.com', NULL, '123456', 'student', 0, 'Hб»Ү thб»‘ng ThГҙng tin', 3, '2026-06-23 13:20:28', NULL, 'HTTT KhГіa 2023', NULL),
(64, 'HTTT2311058', 'Huб»іnh Thб»Ӣ BбәЈo HГўn', 'htbhanhttt2311058@student.ctuet.edu.vn', NULL, '123456', 'student', 0, 'Hб»Ү thб»‘ng ThГҙng tin', 0, '2026-06-23 13:20:28', NULL, 'HTTT KhГіa 2023', NULL),
(65, 'HTTT2311045', 'Trбә§n Quб»‘c HГ№ng', 'tqhunghttt2311045@student.ctuet.edu.vn', NULL, '123456', 'student', 0, 'Hб»Ү thб»‘ng ThГҙng tin', 0, '2026-06-23 13:20:28', NULL, 'HTTT KhГіa 2023', NULL),
(66, 'HTTT2311060', 'VГө HoГ ng NhГЈ', 'vhnhahttt2311060@student.ctuet.edu.vn', NULL, '123456', 'student', 0, 'Hб»Ү thб»‘ng ThГҙng tin', 0, '2026-06-23 13:20:28', NULL, 'HTTT KhГіa 2023', NULL),
(67, 'HTTT2311066', 'HoГ ng Thб»Ӣ Ngб»Қc Mai', 'htnmaihttt2311066@student.ctuet.edu.vn', NULL, '123456', 'student', 0, 'Hб»Ү thб»‘ng ThГҙng tin', 0, '2026-06-23 13:20:28', NULL, 'HTTT KhГіa 2023', NULL),
(68, 'HTTT2311056', 'PHбә M VДӮN TбәӨN PHЖҜб»ҡC', 'pvtp.clx@gmail.com', NULL, '123456', 'student', 0, 'Hб»Ү thб»‘ng ThГҙng tin', 0, '2026-06-23 13:20:28', NULL, 'HTTT KhГіa 2023', NULL),
(69, 'HTTT2311039', 'Nguyб»…n ДҗбәҜc NhГўn', 'ndnhanhttt2311039@student.ctuet.edu.vn', NULL, '123456', 'student', 0, 'Hб»Ү thб»‘ng ThГҙng tin', 0, '2026-06-23 13:20:28', NULL, 'HTTT KhГіa 2023', NULL),
(70, 'HTTT2311009', 'Huб»іnh Gia TuбәҘn', 'huynhgiatuan7105@gmail.com', NULL, '123456', 'student', 0, 'Hб»Ү thб»‘ng ThГҙng tin', 3, '2026-06-23 13:20:28', NULL, 'HTTT KhГіa 2023', NULL),
(71, 'HTTT2311023', 'BГ№i Hб»Ҝu Lб»ҷc', 'huulocbui48@gmail.com', NULL, '123456', 'student', 0, 'Hб»Ү thб»‘ng ThГҙng tin', 0, '2026-06-23 13:20:28', NULL, 'HTTT KhГіa 2023', NULL),
(72, 'HTTT2311015', 'Hб»“ Trбә§n PhЖ°ЖЎng Anh', 'htpanhhttt2311015@student.ctuet.edu.vn', NULL, '123456', 'student', 0, 'Hб»Ү thб»‘ng ThГҙng tin', 0, '2026-06-23 13:20:28', NULL, 'HTTT KhГіa 2023', NULL),
(73, 'HTTT2311061', 'Nguyб»…n Ngб»Қc TЖ°б»қng Vy', 'nntvyhttt2311061@student.ctuet.edu.vn', NULL, '123456', 'student', 0, 'Hб»Ү thб»‘ng ThГҙng tin', 0, '2026-06-23 13:20:28', NULL, 'HTTT KhГіa 2023', NULL),
(74, 'HTTT2311030', 'Phan Thiб»Үn NhГўn', 'phanthiennhan3007@gmail.com', NULL, '123456', 'student', 0, 'Hб»Ү thб»‘ng ThГҙng tin', 0, '2026-06-23 13:20:28', NULL, 'HTTT KhГіa 2023', NULL),
(75, 'HTTT2311062', 'LГҪ Minh Lб»ҷc', 'minhloc20052005@gmail.com', NULL, '123456', 'student', 0, 'Hб»Ү thб»‘ng ThГҙng tin', 0, '2026-06-23 13:20:28', NULL, 'HTTT KhГіa 2023', NULL),
(76, 'HTTT2311064', 'Trбә§n Ngб»Қc бәЁn', 'tnanhttt2311064@student.ctuet.edu.vn', NULL, '123456', 'student', 0, 'Hб»Ү thб»‘ng ThГҙng tin', 0, '2026-06-23 13:20:28', NULL, 'HTTT KhГіa 2023', NULL),
(77, 'HTTT2311040', 'PhбәЎm HoГ ng Thiб»Үn', 'phthienhttt2311040@student.ctuet.edu.vn', NULL, '123456', 'student', 0, 'Hб»Ү thб»‘ng ThГҙng tin', 0, '2026-06-23 13:20:28', NULL, 'HTTT KhГіa 2023', NULL),
(78, 'HTTT2311006', 'BГ№i Diб»Үp Ngб»Қc HГўn', 'bdnhanhttt2311006@student.ctuet.edu.vn', NULL, '123456', 'student', 0, 'Hб»Ү thб»‘ng ThГҙng tin', 0, '2026-06-23 13:20:28', NULL, 'HTTT KhГіa 2023', NULL),
(79, 'HTTT2311012', 'Trбә§n Thб»Ӣ Huyб»Ғn TrГўn', 'tthtranhttt2311012@student.ctuet.edu.vn', NULL, '123456', 'student', 0, 'Hб»Ү thб»‘ng ThГҙng tin', 0, '2026-06-23 13:20:28', NULL, 'HTTT KhГіa 2023', NULL),
(80, 'HTTT2311025', 'Trбә§n ToГ n PhГЎt', 'ttphathttt2311025@student.ctuet.edu.vn', NULL, '123456', 'student', 0, 'Hб»Ү thб»‘ng ThГҙng tin', 0, '2026-06-23 13:20:28', NULL, 'HTTT KhГіa 2023', NULL),
(81, 'HTTT2311063', 'Kha Minh Khang', 'kmkhanghttt2311063@student.ctuet.edu.vn', NULL, '123456', 'student', 0, 'Hб»Ү thб»‘ng ThГҙng tin', 0, '2026-06-23 13:20:28', NULL, 'HTTT KhГіa 2023', NULL),
(82, 'HTTT2311041', 'Дҗбә·ng KhГЎnh HoГ ', 'dkhoahttt2311041@student.ctuet.edu.vn', NULL, '123456', 'student', 0, 'Hб»Ү thб»‘ng ThГҙng tin', 0, '2026-06-23 13:20:28', NULL, 'HTTT KhГіa 2023', NULL),
(83, 'HTTT2311069', 'LГӘ Nhбәӯt TrЖ°б»қng', 'lntruonghttt2311069@student.ctuet.edu.vn', NULL, '123456', 'student', 0, 'Hб»Ү thб»‘ng ThГҙng tin', 0, '2026-06-23 13:20:28', NULL, 'HTTT KhГіa 2023', NULL),
(84, 'HTTT2311065', 'Nguyб»…n VЕ© HГ ', 'nguyenduuha@gmail.com', NULL, '123456', 'student', 0, 'Hб»Ү thб»‘ng ThГҙng tin', 0, '2026-06-23 13:20:28', NULL, 'HTTT KhГіa 2023', NULL),
(85, 'HTTT2311067', 'PhбәЎm Thб»Ӣ KhГЎnh Vy', 'phamthikhanhvy120125@gmail.com', NULL, '123456', 'student', 0, 'Hб»Ү thб»‘ng ThГҙng tin', 0, '2026-06-23 13:20:28', NULL, 'HTTT KhГіa 2023', NULL),
(92, 'NGUYENTUAN452016', 'Anh TuбәҘn Nguyб»…n Minh', 'nguyentuan452016@gmail.com', 'https://lh3.googleusercontent.com/a/ACg8ocKZi5z73GZXa_Nc64WKSQ1SVDuBK6m4dU4G747tAb8TYhUUNb0=s96-c', '$2b$10$7PDQby8SC5oSF/ybsHbdXODcS7hHdD8Sc4QdSB6gCT9cLkKIzgazS', 'classCommittee', 0, 'ChЖ°a cбәӯp nhбәӯt', 0, '2026-06-26 01:23:26', NULL, 'ChЖ°a xбәҝp lб»ӣp', NULL),
(93, 'VUIVUICHOI1', 'Chi bi Ghoul Velles', 'vuivuichoi1@gmail.com', '/uploads/1783390582227-482998459.png', '$2b$10$7PDQby8SC5oSF/ybsHbdXODcS7hHdD8Sc4QdSB6gCT9cLkKIzgazS', 'student', 0, 'ChЖ°a cбәӯp nhбәӯt', 0, '2026-06-26 01:31:58', '', 'ChЖ°a xбәҝp lб»ӣp', NULL);

--
-- Indexes for dumped tables
--

--
-- Indexes for table `attendance`
--
ALTER TABLE `attendance`
  ADD PRIMARY KEY (`id`),
  ADD KEY `student_id` (`student_id`);

--
-- Indexes for table `criteria`
--
ALTER TABLE `criteria`
  ADD PRIMARY KEY (`id`);

--
-- Indexes for table `criteria_categories`
--
ALTER TABLE `criteria_categories`
  ADD PRIMARY KEY (`id`);

--
-- Indexes for table `criteria_sub_categories`
--
ALTER TABLE `criteria_sub_categories`
  ADD PRIMARY KEY (`id`),
  ADD KEY `parent_id` (`parent_id`);

--
-- Indexes for table `events`
--
ALTER TABLE `events`
  ADD PRIMARY KEY (`id`);

--
-- Indexes for table `event_registrations`
--
ALTER TABLE `event_registrations`
  ADD PRIMARY KEY (`id`);

--
-- Indexes for table `faculties`
--
ALTER TABLE `faculties`
  ADD PRIMARY KEY (`id`),
  ADD UNIQUE KEY `faculty_code` (`faculty_code`);

--
-- Indexes for table `location_presets`
--
ALTER TABLE `location_presets`
  ADD PRIMARY KEY (`id`);

--
-- Indexes for table `proofs`
--
ALTER TABLE `proofs`
  ADD PRIMARY KEY (`id`);

--
-- Indexes for table `student_criteria_points`
--
ALTER TABLE `student_criteria_points`
  ADD PRIMARY KEY (`id`),
  ADD UNIQUE KEY `mssv_criteria_unique` (`mssv`,`criteria_id`),
  ADD KEY `criteria_id` (`criteria_id`);

--
-- Indexes for table `system_settings`
--
ALTER TABLE `system_settings`
  ADD PRIMARY KEY (`id`);

--
-- Indexes for table `users`
--
ALTER TABLE `users`
  ADD PRIMARY KEY (`id`),
  ADD UNIQUE KEY `mssv` (`mssv`),
  ADD UNIQUE KEY `email` (`email`);

--
-- AUTO_INCREMENT for dumped tables
--

--
-- AUTO_INCREMENT for table `attendance`
--
ALTER TABLE `attendance`
  MODIFY `id` int(11) NOT NULL AUTO_INCREMENT, AUTO_INCREMENT=140;

--
-- AUTO_INCREMENT for table `criteria`
--
ALTER TABLE `criteria`
  MODIFY `id` int(11) NOT NULL AUTO_INCREMENT, AUTO_INCREMENT=6;

--
-- AUTO_INCREMENT for table `event_registrations`
--
ALTER TABLE `event_registrations`
  MODIFY `id` int(11) NOT NULL AUTO_INCREMENT, AUTO_INCREMENT=154;

--
-- AUTO_INCREMENT for table `faculties`
--
ALTER TABLE `faculties`
  MODIFY `id` int(11) NOT NULL AUTO_INCREMENT, AUTO_INCREMENT=8;

--
-- AUTO_INCREMENT for table `location_presets`
--
ALTER TABLE `location_presets`
  MODIFY `id` int(11) NOT NULL AUTO_INCREMENT, AUTO_INCREMENT=12;

--
-- AUTO_INCREMENT for table `student_criteria_points`
--
ALTER TABLE `student_criteria_points`
  MODIFY `id` int(11) NOT NULL AUTO_INCREMENT, AUTO_INCREMENT=52;

--
-- AUTO_INCREMENT for table `system_settings`
--
ALTER TABLE `system_settings`
  MODIFY `id` int(11) NOT NULL AUTO_INCREMENT, AUTO_INCREMENT=2;

--
-- AUTO_INCREMENT for table `users`
--
ALTER TABLE `users`
  MODIFY `id` int(11) NOT NULL AUTO_INCREMENT, AUTO_INCREMENT=94;

--
-- Constraints for dumped tables
--

--
-- Constraints for table `criteria_sub_categories`
--
ALTER TABLE `criteria_sub_categories`
  ADD CONSTRAINT `criteria_sub_categories_ibfk_1` FOREIGN KEY (`parent_id`) REFERENCES `criteria_categories` (`id`) ON DELETE CASCADE;

--
-- Constraints for table `student_criteria_points`
--
ALTER TABLE `student_criteria_points`
  ADD CONSTRAINT `student_criteria_points_ibfk_1` FOREIGN KEY (`criteria_id`) REFERENCES `criteria` (`id`);
COMMIT;

/*!40101 SET CHARACTER_SET_CLIENT=@OLD_CHARACTER_SET_CLIENT */;
/*!40101 SET CHARACTER_SET_RESULTS=@OLD_CHARACTER_SET_RESULTS */;
/*!40101 SET COLLATION_CONNECTION=@OLD_COLLATION_CONNECTION */;
